Module Title,Section,Module Number,UUID
1.1.0: Lesson Overview,1.1.0,m00050,60a3c461-689b-4bb7-b3c6-54f19cd21655
1.1.1: Understanding Value,1.1.1,m00051,9cb229d9-e088-406f-86d8-23b14444af58
"1.1.2: Creating Expressions to Estimate Cost, Part 1",1.1.2,m00052,4260f608-3188-4841-99cc-f451df93f13a
1.1.3: Understanding Constraints,1.1.3,m00055,0742ed1d-3e54-43c0-b844-bfb0cc0fea42
"1.1.4: Creating Expressions to Estimate Cost, Part 2",1.1.4,m00058,cb92495e-810a-4f69-af9f-ea431b0df951
1.1.5: Practice,1.1.5,m00059,8f45ba6d-3465-420f-b8fa-4ce8a1d48805
1.1.6: Lesson Summary,1.1.6,m00060,f57fbcfb-dc87-464f-9b94-d006da913a7a
1.2.0: Lesson Overview,1.2.0,m00069,7177e4aa-e3e6-49a2-986f-fee8eea5a965
1.2.1: Finding the Percent of 200,1.2.1,m00070,d2548bdf-9a30-4ee8-91aa-f96cfa793d82
1.2.2: Modeling with Equations to Find Edges in Platonic Solids,1.2.2,m00071,86afa7cf-62c9-4bae-9a87-7ec8fba8a7aa
1.2.3: Writing Equations to Represent Relationships,1.2.3,m00074,498fd4aa-11ab-465c-ab42-1b34cd8f665c
1.2.4: Writing Equations to Represent Relationships with Percentages,1.2.4,m00077,2a15ca2d-40bd-4b4e-a69b-19171977c8e1
1.2.5: Writing Equations to Represent T-Shirts,1.2.5,m00080,42abfd43-2969-4f03-ad3b-e65bea95743e
1.2.6: Practice,1.2.6,m00081,165f0e46-e7b7-4178-839d-c28dc2954d9e
1.2.7: Lesson Summary,1.2.7,m00082,9310b2a0-8d42-46fa-8c6c-5b9456177d10
1.3.0: Lesson Overview,1.3.0,m00090,a824e88e-8685-46f6-bda8-272b440a9a1f
1.3.1: Finding a Relationship between ùíô and ùíö,1.3.1,m00091,4c75e607-3daf-4dd5-8149-39bf47140801
1.3.2: Describing Relationships Using Words and Equations,1.3.2,m00092,b5bb6f20-63df-4752-89de-05dea9820576
1.3.3: Identifying and Representing Relationships,1.3.3,m00095,fb7bfeac-0771-4f60-b471-a2011ffb8d72
1.3.4: Writing an Equation to Represent a Relationship,1.3.4,m00098,347a5d69-bb2f-48bf-9d0a-765ac1abab09
1.3.5: Practice,1.3.5,m00099,d749fea7-ffc9-4229-afef-82bbae1cdef8
1.3.6: Lesson Summary,1.3.6,m00100,7a0e7f42-0c41-4ac0-9d4b-713b883c6502
1.4.0: Lesson Overview,1.4.0,m00108,54888a0e-6493-4ebb-8608-d2842ff979af
"1.4.1: Finding the Solution to an Equation in One Variable, Part 1",1.4.1,m00109,42cb8bfe-3c19-4792-9cd7-e60a88a93370
1.4.2: Writing Equations to Represent Constraints,1.4.2,m00110,21d8bb67-c302-4bd8-9e64-9b095eced3bf
1.4.3: Finding the Solution to an Equation in Two Variables,1.4.3,m00113,139ec6f1-22a3-4f3c-8aff-40dd1def629d
"1.4.4: Finding the Solution to an Equation in One Variable, Part 2",1.4.4,m00116,d70803d7-56e2-489a-b009-52ab91228248
1.4.5: Practice,1.4.5,m00117,8df3b423-e2e2-44f0-bde4-2d635006ea57
1.4.6: Lesson Summary,1.4.6,m00118,bcf3b081-b52f-41b4-8f3e-8f0c8f4e62f4
1.5.0: Lesson Overview,1.5.0,m00127,9117e6fc-3ed0-4389-9077-baf6453a9476
1.5.1: Analyzing Graphs of Linear Equations,1.5.1,m00128,5e207617-e606-44c5-ac46-eeb939e7bf91
1.5.2 Graphing Linear Functions in Two Variables,1.5.2,m00129,da007796-980b-4c69-be33-61a6712720cf
"1.5.3: Examining an Equation in Two Variables and Its Graph, Part 1",1.5.3,m00132,40283ffc-ea80-4fd6-97a2-4ae4f3d107de
"1.5.4: Writing, Graphing, and Solving a Linear Equation",1.5.4,m00135,b266d4a2-d2ce-40c7-ac94-129ed069647d
"1.5.5: Examining an Equation in Two Variables and Its Graph, Part 2",1.5.5,m00138,58b2fb9c-86b7-4186-97e7-5376ccd165f7
1.5.6: Practice,1.5.6,m00139,9f3c822a-5e76-4772-9739-75a91705b430
1.5.7: Lesson Summary,1.5.7,m00140,cc60108f-e80f-4c5e-91db-5ea0d539a257
1.6.0: Lesson Overview,1.6.0,m00149,26b7f029-7368-41d7-b2fe-8f1b1da5b0c5
1.6.1: Exploring Equivalent Expressions,1.6.1,m00150,d3f3cfa2-e912-493d-be0c-7b6dbec58a82
1.6.2: Expressing Relationships as Equations,1.6.2,m00151,d8321943-d5e5-4cde-b595-58ddcbca862b
1.6.3: Exploring Related Equations,1.6.3,m00154,93418012-ce14-4f37-9d9c-55a2b8ef6b59
1.6.4: Recognizing Related Equations,1.6.4,m00157,e78f4665-a498-4b7b-9760-5512236d2895
1.6.5: Practice,1.6.5,m00158,68bfef7e-c272-4cad-a0d6-c43958927b06
1.6.6: Lesson Summary,1.6.6,m00159,5110a80f-dbac-4e35-a66e-a875fa3326b3
1.7.0: Lesson Overview,1.7.0,m00167,a761a248-5a6d-4cb2-8a93-2bd75f4978d9
1.7.1: Determining if Zero Is a Solution,1.7.1,m00168,09a26b8e-6de8-446b-ab20-988ca6f322df
1.7.2: Explaining Acceptable Moves to Solve an Equation,1.7.2,m00169,fbe66b1c-8d96-4528-b3fa-5d1786b49482
1.7.3: Understanding Equations with No Solution or Infinitely Many,1.7.3,m00172,cbbaf39a-7f4e-4c89-8ebf-1ec40366f4a4
1.7.4: Solving Equations by Dividing Values,1.7.4,m00175,e1e43b6c-d190-4839-a90b-1d82a375e9b0
1.7.5: Practice,1.7.5,m00176,dfbe91a7-480b-452b-ae56-85c1c0d66eb0
1.7.6: Lesson Summary,1.7.6,m00177,9465eb4e-3b81-4408-a2a0-931930ac2bc4
1.8.0: Lesson Overview,1.8.0,m00185,df6bb23f-7caa-4213-af60-c16311dae601
1.8.1: Expressing Relationships between Two Quantities,1.8.1,m00186,71e4a33c-f26a-410c-850b-3caba76c2d89
1.8.2: Identifying the Most Useful Form of an Equation,1.8.2,m00187,3a237e29-f920-4b9b-8b5a-9f6e6e2319f8
1.8.3: Writing Equations and Isolating Variables,1.8.3,m00190,793b8667-e78a-4b1f-bf29-296d46943648
1.8.4: Writing Equations Given Dimensions of Shapes,1.8.4,m00193,b86a3591-9994-44fc-bc2c-cdca1dd73f6c
1.8.5: Practice,1.8.5,m00194,4fb61913-2b4d-453b-a9b0-87e15a5edaed
1.8.6: Lesson Summary,1.8.6,m00195,d762c270-c098-4029-9b42-ca2ef30f3822
1.9.0: Lesson Overview,1.9.0,m00203,5e85d820-6e2f-413f-b323-68f98bf21359
1.9.1: Rearranging an Equation in Three Variables,1.9.1,m00204,a08f01af-c996-4c08-b54d-b70e1d35a505
1.9.2: Writing an Equation to Represent a Constraint,1.9.2,m00205,f7fc97e9-6e1a-49d8-a2b3-b0b211982823
1.9.3: Writing and Rearranging Equations in Two Variables,1.9.3,m00208,de0ad1f3-c51a-463f-a972-9382df74400b
1.9.4: Solving for a Specified Variable,1.9.4,m00211,c5654359-cfc3-4341-9aa3-e49fcff77931
1.9.5: Practice,1.9.5,m00212,2914145a-8df9-4c28-be5b-0d246c2d50b3
1.9.6: Lesson Summary,1.9.6,m00213,3d05d97b-8bdd-4b40-bb88-cc66db2d1c39
1.10.0: Lesson Overview,1.10.0,m00221,597e01a6-f36c-44a5-a493-04186302191b
1.10.1: Interpreting Equations in Context,1.10.1,m00222,a24bf8c4-b278-4be0-824c-92b61f0ec89a
1.10.2: Graphing Equations in Context,1.10.2,m00223,9bfbef25-6916-4800-94a4-d01a284ef984
1.10.3: Writing and Graphing Equations in Standard Form,1.10.3,m00226,8d404c89-9829-4553-9aab-17499003980b
1.10.4: Matching Equations and Graphs,1.10.4,m00229,c0c1f78f-bf3a-4b64-ac21-7679558c630c
1.10.5: Practice,1.10.5,m00230,7eb5ad1e-6039-4d73-8416-42cf45fd27af
1.10.6: Lesson Summary,1.10.6,m00231,65aa545a-0ee8-42fd-875c-6ea836fefd22
1.11.0: Lesson Overview,1.11.0,m00239,11b46b59-6aac-496a-a63a-99e775ab173b
1.11.1: Applying the Distributive Property to Rewrite Expressions,1.11.1,m00240,bbca9943-57d5-4675-afc3-12bfb58b83a2
"1.11.2: Relating Two-Variable Equations, Their Graphs, and Situations",1.11.2,m00241,bc0995a7-2ef2-4557-9ccd-7002a0a2915e
1.11.3: Reasoning Symbolically and Abstractly about Linear Equations,1.11.3,m00244,4a21ca3e-11e7-4b29-b12e-40fb195885ba
1.11.4: Identifying the Features of a Graph,1.11.4,m00247,4748f5b1-509c-4960-accb-50e70d3bce6a
1.11.5: Practice,1.11.5,m00248,01c2c7f5-4625-4cf0-9296-edc141956bcf
1.11.6: Lesson Summary,1.11.6,m00249,5550d9aa-5d5c-46dc-a173-47a9ce11bca8
1.12.0: Lesson Overview,1.12.0,m00260,c138de0a-da03-47f6-8bc9-983bc7032453
1.12.1: Using the Slope Formula,1.12.1,m00261,5417c5d2-b25e-4488-9b99-ba9cb7ab98e4
1.12.2: Writing an Equation Given the Slope and y-Intercept,1.12.2,m00262,40f6665e-5398-489e-bad6-dfcbc8f33f68
1.12.3: Writing an Equation Given the Slope and a Point,1.12.3,m00265,42551e2b-1d1f-405d-86a7-9c21ecfd9aae
1.12.4: Writing Equations in Different Forms,1.12.4,m00268,87b0cdee-14e3-46ed-9e61-cbe3ffd10b5e
1.12.5: Writing an Equation Given Two Points,1.12.5,m00271,1e832933-ab72-4bcc-8e1e-d988920acaad
1.12.6: Choosing a Method to Write an Equation,1.12.6,m00274,cc7b0d15-fddb-4991-ad7e-c02cc82774e6
1.12.7: Practice,1.12.7,m00275,44de000a-51c3-44ec-9b8c-9dcab516cdf7
1.12.8: Lesson Summary,1.12.8,m00276,c55e1690-350f-4428-a092-f70604227d0a
1.13.0: Lesson Overview,1.13.0,m00284,7f0c1e43-4446-40b0-b452-fbcdc7480130
1.13.1: Writing Linear Equations,1.13.1,m00285,df943fee-af3d-4db1-a3ac-12aca7fd2020
1.13.2: Creating Tables from Verbal Descriptions,1.13.2,m00286,f7b67e6a-e513-4b92-9980-d90df58fabda
"1.13.3: Matching Tables, Equations, and Graphs",1.13.3,m00289,0eb2a137-57a6-49eb-b93e-4925742f8916
1.13.4: Creating a Table from an Equation,1.13.4,m00292,8748e667-6f5b-4c73-b452-2547496da46d
1.13.5: Practice,1.13.5,m00293,90ed58af-5aa5-49ff-9645-16b046fe7f17
1.13.6: Lesson Summary,1.13.6,m00294,f168e5c6-333a-4f9c-bb7f-28acd063e80c
1.14.0: Lesson Overview,1.14.0,m00304,311c1949-5acb-4679-b249-af30cadc1263
1.14.1: Using Point-Slope Form to Write the Equation of a Line,1.14.1,m00305,e795ae3c-1223-42fc-aef7-4d4ab02cfe7c
1.14.2 Writing Equations for Point-Slope and Slope-Intercept,1.14.2,m00306,565c3da7-65cd-453e-8c01-941152cbdfbd
1.14.3: Writing an Equation of a Line Parallel to a Given Line,1.14.3,m00309,fdf8e9f2-0be2-439c-a57a-fefd0f08d46c
1.14.4: Writing an Equation of a Line Perpendicular to a Given Line,1.14.4,m00312,54af9a85-0f5c-4b21-9c83-747c16a7fca6
1.14.5: Writing an Equation of a Line Parallel or Perpendicular to an Axis,1.14.5,m00315,df6576fd-7a74-4134-8df3-a31cee00a748
1.14.6: Drawing Parallel and Perpendicular Lines,1.14.6,m00318,4f5f035f-4902-4098-baba-bf0e5db5987c
1.14.7: Practice,1.14.7,m00319,a17a8484-7cc7-48f1-b301-b6c45ac0f4b9
1.14.8: Lesson Summary,1.14.8,m00320,13f01d9b-d89a-457a-881e-b2070d74f513
1.15.0: Lesson Overview,1.15.0,m00328,b650c83a-582a-436d-8dd1-9422f7f1a2d5
1.15.1: Solving Proportions,1.15.1,m00329,2606d736-afed-44ae-84ae-8b1625ebfc5c
1.15.2: Modeling Equations Using Direct Variation,1.15.2,m00330,9c2685c5-b9e5-4cb8-92f4-3374e6d142fd
"1.15.3: Using Direct Variation to Solve Application Problems, Part 1",1.15.3,m00333,d81f20aa-c758-40a7-b581-ac5de18df0f5
"1.15.4: Using Direct Variation to Solve Application Problems, Part 2",1.15.4,m00336,b816cdff-5464-495b-ad18-3650a37e0185
1.15.5: Practice,1.15.5,m00337,2a915bb9-a73b-498e-ab78-d42012ecdef9
1.15.6: Lesson Summary,1.15.6,m00338,6cf4af1e-b90c-48f0-883d-3bcaa621280a
2.1.0: Lesson Overview,2.1.0,m00368,515aac0c-05d0-45ac-9390-e82e1c54cd64
2.1.1: Understanding Constraints and Values,2.1.1,m00369,c6d681fe-f64d-4d90-8d77-b5765f18103f
2.1.2: Writing and Graphing Equations,2.1.2,m00370,a2309f6f-0e22-48bb-85fe-96a673f0fff9
2.1.3: Meeting Constraints,2.1.3,m00373,faec7853-772f-4402-bfa5-0e513fe54412
2.1.4: Exploring a System of Equations,2.1.4,m00376,9b6f0ec2-d724-49f4-aafa-e0c9b6c681b7
2.1.5 Practice,2.1.5,m00377,9d7ae517-64e6-418d-823a-7f77f7bfb945
2.1.6 Lesson Summary,2.1.6,m00378,9eac7224-d65c-4f7e-8b8e-b3ee7039b406
2.2.0: Lesson Overview,2.2.0,m00386,e778f4da-6b49-4d75-a39e-e6fdbf7b115e
2.2.1: Interpreting Graphs of Systems of Equations,2.2.1,m00387,766af223-a9ac-49c1-af47-88bab2959b18
2.2.2: Writing Systems of Equations from Tables,2.2.2,m00388,064946f2-5224-4605-89f3-dde4d6a77e24
2.2.3: Graphs of Systems of Equations,2.2.3,m00391,0dc8b014-89a5-40be-967b-d6ebe00c396f
2.2.4: Systems of Equations in the Real-World,2.2.4,m00394,38bdc69d-f49e-4fc0-84f7-d6b022be3d90
2.2.5: Practice,2.2.5,m00395,a7d36700-2a38-46f8-ab3d-4d10d0927999
2.2.6: Lesson Summary,2.2.6,m00396,4d6e73dc-12c1-4406-b0ff-b691777a1e04
2.3.0: Lesson Overview,2.3.0,m00404,2126a9e8-c268-4eaa-83ab-b02599c1819b
2.3.1: Finding Connections between Graphs and Equations,2.3.1,m00405,bebc0fd9-0fc6-4130-ac51-8f1a239cfbfd
2.3.2: Checking Solutions in Systems,2.3.2,m00406,6240f108-26c6-4ebd-b2bf-8185e8b986c6
2.3.3: Solving Equations Using Substitution,2.3.3,m00409,662dc060-0315-42d0-9d29-6c073fa9339d
2.3.4: Solving More Equations,2.3.4,m00412,8adb98a6-0104-4325-acc4-1d59c772da57
2.3.5: Practice,2.3.5,m00413,6207154b-b57a-476c-ae69-38e85a079e24
2.3.6: Lesson Summary,2.3.6,m00414,8cce7893-cd38-4921-a39b-42dfb09897c4
2.4.0: Lesson Overview,2.4.0,m00422,841cf179-927a-405f-a404-44564b532f18
2.4.1: Combining Two True Equations,2.4.1,m00423,a0692168-da87-4798-af81-330d3105dbb5
2.4.2: Adding Equations,2.4.2,m00424,0ca8a2bc-7925-49e4-9992-df022e4c012c
2.4.3: Adding and Subtracting Systems of Equations and Using Their Graphs,2.4.3,m00427,5a63070c-106c-40ba-a9a0-9e50be342d17
2.4.4: Determining the Best Method for Solving a System of Equations,2.4.4,m00430,039f44d9-9bac-4da5-8d12-f501832aa1c7
2.4.5: Practice,2.4.5,m00431,916fa776-de43-4ec6-b675-c61bb8c12ced
2.4.6: Lesson Summary,2.4.6,m00432,7819a3bb-9a4e-4451-b97a-81a40f3d6123
2.5.0: Lesson Overview,2.5.0,m00440,1281ee49-1d55-485e-a723-2c6883135dc3
2.5.1: Writing and Evaluating New Equations,2.5.1,m00441,69f7a23d-d07a-4c1c-a322-d20216bd388d
2.5.2: Adding Two Equations in a System,2.5.2,m00442,33c41ea6-e012-47ed-8d42-143c54cce6b5
2.5.3: Solving Systems of Linear Equations in Two Variables,2.5.3,m00445,ba7f6a8e-f682-4952-987a-91e897677366
2.5.4: Solving Systems of Equations Using Real-World Examples,2.5.4,m00448,ff6d302d-a227-427d-a259-a8e0daed633c
2.5.5: Practice,2.5.5,m00449,505aca80-7eec-4c0f-94be-344b7076a15f
2.5.6: Lesson Summary,2.5.6,m00450,b4104b6d-03d2-453c-8ba6-2611544d1196
2.6.0: Lesson Overview,2.6.0,m00458,bc97ae05-651e-489e-bbb1-b5524b590663
2.6.1: Multiplying Equations by a Number,2.6.1,m00459,7d3e9474-1ba5-40cc-b9d1-63d09c900459
2.6.2: Writing a New System to Solve a Given System,2.6.2,m00460,730199d6-b2a7-4956-9a2c-45a4fea60dec
2.6.3: Finding Solutions to Unordered Sets of Equivalent Systems,2.6.3,m00463,1f377df3-5bf3-4ba4-a9f8-09643dea8dd3
2.6.4: Building Equivalent Systems,2.6.4,m00466,f82c1fb3-59fe-4920-8922-e1b43299fdf0
2.6.5: Practice,2.6.5,m00467,0644758b-5f74-48b7-a816-f673dae1f1b6
2.6.6: Lesson Summary,2.6.6,m00468,9ef26c8e-c15b-4e0e-8648-193064dcc6c9
2.7.0: Lesson Overview,2.7.0,m00476,a32c94db-c388-4421-b050-2ecf4c2f9b2d
2.7.1: Systems of Linear Equations with Infinitely Many Solutions,2.7.1,m00477,01c2afb7-9f96-476c-8f6b-d700598937fa
2.7.2: Systems of Linear Equations with No Solution,2.7.2,m00478,721e73c2-ae98-43dd-b603-88ed48dc6d0d
2.7.3: Sorting Systems of Equations Based on Number of Solutions,2.7.3,m00481,a63b9950-467a-4851-868e-59795673d248
2.7.4: Writing Consistent and Inconsistent Systems of Equations,2.7.4,m00484,10fbe297-7ece-4081-9cae-59db68ef6370
2.7.5: Practice,2.7.5,m00485,9983b6b2-8c74-4a2c-b5df-900bd0efa8c4
2.7.6: Lesson Summary,2.7.6,m00486,4379709d-7a1e-4f5a-8b70-49464be8ff66
2.8.0: Lesson Overview,2.8.0,m00495,fb87ec5b-6919-4b31-b372-f860b0299c4f
2.8.1: Understanding Inequality Symbols,2.8.1,m00496,1d3b0476-ba7b-41cc-8928-bbee3f3fe412
2.8.2: Identifying Constraints in Inequalities,2.8.2,m00497,0f03dc59-afb8-476f-bb5c-e934ddc5db33
2.8.3: Writing Inequalities to Represent Constraints,2.8.3,m00500,ca53960f-bb99-4838-bd4c-ba2f07489414
2.8.4: Writing More Inequalities,2.8.4,m00503,205dca80-de11-4b7a-ba61-671791646231
2.8.5: Practice,2.8.5,m00504,81a9049e-b9de-4580-8dee-4d5fcb2f087c
2.8.6: Lesson Summary,2.8.6,m00505,1d77762e-46c6-4fe0-90e1-ab6ef4471363
2.9.0: Lesson Overview,2.9.0,m00516,4311f537-f017-4bcd-83e8-c52c053c8bf9
2.9.1: Writing Solutions to Inequalities,2.9.1,m00517,41dc5bf8-bb6b-4401-898d-3b7a952392f3
2.9.2: Graphing Inequalities,2.9.2,m00518,578511bb-4c17-498f-9ea5-720e2d22ff6f
2.9.3: Understanding the Meaning of an Inequality,2.9.3,m00521,1c85601a-a5fa-43ea-b3db-6897a7b4160d
2.9.4: Making Sense of Inequalities and Their Solutions,2.9.4,m00524,7660b5bf-aa7c-4ee3-9bac-50247616417b
2.9.5: Comparing Equality and Inequality,2.9.5,m00525,91787161-140e-4d0e-812e-42439401dc16
2.9.6: Using Technology to Visualize Inequality Solutions,2.9.6,m00528,4bafaaaa-4f64-42ec-87a5-0b7ae2102853
2.9.7: Identifying Inequality Solutions on a Graph,2.9.7,m00529,684507ee-ef7f-4b1e-a5a8-57d21f002389
2.9.8: Practice,2.9.8,m00530,e914781d-295d-4a0c-ab44-b6db24523f09
2.9.9: Lesson Summary,2.9.9,m00531,5120ab85-f224-4591-8e92-0c2fdc2ab52a
2.10.0: Lesson Overview,2.10.0,m00541,50f4480b-3ee0-4fb6-831f-0376c7a11276
2.10.1: Writing an Inequality to Represent a Constraint,2.10.1,m00542,b240e009-256b-4d80-9b51-bcf482af45c6
2.10.2: Using Inequalities to Solve a Problem,2.10.2,m00543,89998b50-7119-4a92-9c28-086a05a2dfab
2.10.3: Different Ways of Solving an Inequality,2.10.3,m00546,eb451905-600e-4701-836c-182b158064e8
2.10.4: Matching Inequalities and Solutions,2.10.4,m00549,571ccc1a-89b8-4eed-a81f-5e30a0df9016
2.10.5: Solving Inequalities,2.10.5,m00550,224a3a9e-5323-4cb7-b027-247dd4e7c40c
2.10.6: Writing Inequalities to Represent a Situation,2.10.6,m00553,802d7340-9a07-432f-8d34-b3752f3535c3
2.10.7: Practice,2.10.7,m00554,0fb853fd-771b-4975-9b53-11b0e84c5dc4
2.10.8: Lesson Summary,2.10.8,m00555,5462941e-8216-4149-a5d9-dd7a5eab4856
2.11.0: Lesson Overview,2.11.0,m00564,f041fc0a-7ba0-4b0c-8e18-116bfd8096f7
2.11.1: Using Computation and Reasoning,2.11.1,m00565,b624b539-db43-40cb-8685-9ac90caedc0b
2.11.2: Finding Solutions to Inequalities on the Coordinate Plane,2.11.2,m00566,aaa75b98-5b39-43d7-887a-57837c4052fd
2.11.3: Sketching Solutions to Inequalities,2.11.3,m00569,16cb2632-dd27-41ff-b82e-a621a3254693
2.11.4: Shading Boundary Line Regions,2.11.4,m00572,664c149a-a68d-4e7d-b3b9-9f8a1a766178
2.11.5: Practice,2.11.5,m00573,da434b62-331a-4627-940f-aee5d4d507ac
2.11.6: Lesson Summary,2.11.6,m00574,6ebb426c-8784-4d9f-9cda-876b63c2c6c5
2.12.0: Lesson Overview,2.12.0,m00583,880b2500-0194-449c-ab50-0a57b42b7c08
2.12.1: Sketching a Graph to Represent an Equation,2.12.1,m00584,c3fd3e48-98f1-414d-906d-a97c37249784
2.12.2: Writing an Inequality to Represent a Constraint,2.12.2,m00585,99539b32-fe44-47b0-ad49-c171b7466d4e
2.12.3: Graphing Solutions and Interpreting Points,2.12.3,m00588,52fdbb22-1f3f-4485-8019-fc1c9058a6f9
2.12.4: Recognizing Points Along Boundary Line,2.12.4,m00591,6639380a-2450-48ab-9621-b84ed4b8101e
2.12.5: Recognizing Points for an Inequality,2.12.5,m00592,27f8ef18-d98d-49ca-a4bd-2e25a1ac5b24
2.12.6: Practice,2.12.6,m00593,9f97a300-0971-4a96-99bd-17b002b17ba3
2.12.7: Lesson Summary,2.12.7,m00594,45e2825b-2242-4d11-9a61-5ee06bd65b60
2.13.0: Lesson Overview,2.13.0,m00603,a4702cf0-403e-414a-b956-8ef498655476
2.13.1: Graphing Inequalities with Technology,2.13.1,m00604,b6a08301-c9ef-496f-8b7b-db11a461ba92
2.13.2: Solving Problems with Inequalities in Two Variables,2.13.2,m00605,25a0b83e-fea7-4bb8-b928-ff14c92902a6
2.13.3: Matching Representations of Inequalities,2.13.3,m00608,0ed3b555-2bf3-4fc7-beee-0609aaff2fe9
2.13.4: Solving Inequality Problems Using Tables,2.13.4,m00611,c58a752d-7e07-47dd-bac5-7a99239ca145
2.13.5: Graphing Solutions to an Inequality,2.13.5,m00614,d65f0b6d-0222-4869-ac1a-bca3ce6c72f1
2.13.6: Practice,2.13.6,m00615,5cb512b7-de8f-4077-8e33-6d393b860e86
2.13.7: Lesson Summary,2.13.7,m00616,d10d191c-dcc2-4377-8534-18f46cc991dd
2.14.0: Lesson Overview,2.14.0,m00626,47cae4ae-c2b9-41ed-8ce5-b9e4f5ba9adb
2.14.1: Modeling Equations to Solve a Riddle,2.14.1,m00627,6c7f3a14-185f-4dc2-b748-4866b2a65b84
2.14.2: Finding a Pair of Values that Satisfies Multiple Inequalities,2.14.2,m00628,9d5ef92d-55b2-4224-b680-dd66219443e7
2.14.3: Writing Systems of Inequalities that Represent Situations,2.14.3,m00631,620d0477-d8ed-44cd-b685-e705e450926a
2.14.4: Graphing Solutions of Systems of Inequalities,2.14.4,m00634,57c2f393-a497-456d-96cb-8f359e43498c
2.14.5: Writing Inequalities for Situations and Representing on a Graph,2.14.5,m00637,4ff3d8ff-f9e0-4f43-88cf-e387c1e49287
2.14.6: Practice,2.14.6,m00638,046ba798-129c-4c3f-a226-b1fe70c842dd
2.14.7: Lesson Summary,2.14.7,m00639,d22c6515-2d2b-4bc5-886b-b6a51d5b49eb
2.15.0: Lesson Overview,2.15.0,m00647,64cba953-cf88-4d99-9530-cbcb6b46905d
2.15.1: Analyzing Graphs that Represent Linear Equations and Inequalities,2.15.1,m00648,a4765deb-0b32-4783-a057-43ab21190d1f
2.15.2: Determining if Points on Boundary Lines Are Solutions to a System,2.15.2,m00649,12605343-ef87-4221-a0ea-e7dd720ffd44
2.15.3: Solving Problems to Satisfy Multiple Constraints Simultaneously,2.15.3,m00652,2e5c9329-9974-4497-847d-0ebe414cf1b8
2.15.4: Identifying Graph Regions Included in a System‚Äôs Solution,2.15.4,m00655,1cbe63a0-831e-4eef-8fa8-6ef66d4279d8
2.15.5: Practice,2.15.5,m00656,a70a7c05-aaa5-4cfc-9d3c-3e4bac428d8a
2.15.6: Lesson Summary,2.15.6,m00657,3f7552f3-5ee4-499b-9fa8-24152b4bfef9
3.1.0: Lesson Overview,3.1.0,m00690,0f13f0f9-5fae-46a7-8310-1413124f7660
3.1.1: Exploring Scatter Plots,3.1.1,m00691,d10e446c-891b-4e68-9926-f6252e2e39c8
3.1.2: Creating a Scatter Plot Using Data,3.1.2,m00692,af970849-fde2-480a-b1ec-3bddfccd7f8a
3.1.3: Interpreting the Slope and Vertical Intercept of a Linear Model,3.1.3,m00695,f968d3fa-66b0-4e56-a055-874be5d46e93
3.1.4: Interpreting the Slope and Vertical Intercept of a Scatter Plot,3.1.4,m00698,4648b2b6-badd-4afb-b081-c895f1710c51
3.1.5: Using an Equation for a Fit Line,3.1.5,m00701,c43d9c01-e827-442a-a5ab-af9ac470a712
3.1.6: Practice,3.1.6,m00702,b65457bf-34b1-4f71-a22e-6b2b13b71a49
3.1.7: Lesson Summary,3.1.7,m00703,796f3d02-a7ea-481c-a80e-00b80a4a5df0
3.2.0: Lesson Overview,3.2.0,m00712,7c4a189c-f169-4559-8497-45a195a3f8d1
3.2.1: Selecting the Best Line,3.2.1,m00713,35bda0a1-b6a7-4b0a-bf13-dee82484090f
3.2.2: Determining the Best Line That Fits the Data,3.2.2,m00714,a1155644-bdd6-4770-977c-2c5db7bf9953
3.2.3: Writing Linear Models without Technology,3.2.3,m00717,50c74e60-ceab-4ce1-9c5a-3d5e9b8a2ec6
3.2.4: Assessing the Fit of a Linear Model,3.2.4,m00720,2ccfe989-373b-446f-a741-e343375b1bb9
3.2.5: Working with Fitted Lines,3.2.5,m00723,bb8cbbf7-79f0-4513-84c2-a6c100712cc7
3.2.6: Practice,3.2.6,m00724,9d653e40-cc19-496f-993a-66821d1d3495
3.2.7: Lesson Summary,3.2.7,m00725,2ec6dffa-10ad-425d-9f96-b77c462a8a65
3.3.0: Lesson Overview,3.3.0,m00733,8cb56813-a565-47d9-a041-b07c0118e975
3.3.1: Subtracting an Estimated Value from an Actual Value,3.3.1,m00734,83a08c14-c80a-4170-a626-3c237f921629
3.3.2: Plotting and Analyzing Residuals,3.3.2,m00735,769e6e1e-82c6-45a4-b113-abab8c151fb1
3.3.3: Matching Residuals Graphs to Scatter Plots,3.3.3,m00738,53c29147-8ca9-47dd-91f9-c08443bff9c5
3.3.4: Identifying Best Fit Line for Residuals on a Graph,3.3.4,m00741,42288089-9c84-4a5c-bae7-19daffdc409b
3.3.5: Practice,3.3.5,m00742,bd9b19b4-56a8-48d2-a705-7495dab132e0
3.3.6: Lesson Summary,3.3.6,m00743,9cf8b510-9345-4647-a31b-9ab658617e3b
3.4.0: Lesson Overview,3.4.0,m00753,46a57f23-5e63-4bdb-9185-b396951a63bb
3.4.1: Comparing Scatter Plots with Linear and Nonlinear Trends,3.4.1,m00754,486fae87-6225-4c5a-927a-076f5e4b30ea
3.4.2: Recognizing Differences in Scatter Plots,3.4.2,m00755,28586d18-b1ac-4d8e-9a1c-a7506375c632
3.4.3: Finding the Correlation Coefficient with Technology,3.4.3,m00758,207fbc19-01d7-4e38-b049-30bda6cffcfe
3.4.4: Matching Correlation Coefficients,3.4.4,m00761,73e50bc3-097d-4808-8152-6eceaf47a87e
3.4.5: Using Correlation Coefficient to Determine Best Fit,3.4.5,m00764,01366669-7cb9-4539-8900-cb9b3ef009a9
3.4.6: Practice,3.4.6,m00765,f4857adb-8984-4ba0-b0bf-f26ad45ef117
3.4.7: Lesson Summary,3.4.7,m00766,66447aea-1104-40f9-85af-7d23636f9a9f
3.5.0: Lesson Overview,3.5.0,m00774,a6d09325-f1c9-4f8f-99c0-d1fb75f0ccfd
3.5.1: Using Bivariate Data in Context,3.5.1,m00775,2f9cf4dd-9506-48d1-9b30-d5b696ec4468
3.5.2: Finding and Using Correlation Coefficient to Interpret the Strength of Linear Relationships,3.5.2,m00776,9afa0eb2-cf52-4cf7-b0eb-a8d588dbe030
3.5.3: Using Correlation Coefficient to Describe Relationships between Two Variables,3.5.3,m00779,badd7f4c-6ffd-4831-8059-04ce08461d62
3.5.4: Interpreting the Correlation Coefficient,3.5.4,m00782,f11c3f9b-cd3a-41af-80eb-2f513b943ad0
3.5.5: Practice,3.5.5,m00783,abbc94d8-ebf3-4d81-a730-f2a89f18f5d8
3.5.6: Lesson Summary,3.5.6,m00784,5ee7a827-ba31-4402-98c2-27632d7ff585
3.6.0: Lesson Overview,3.6.0,m00792,65fd5b3a-bc04-4415-b81d-1ef85bc81385
3.6.1: Describe the Relationship between Variables,3.6.1,m00793,49f11d61-e7ae-4419-b5c1-e4d31166ad0a
3.6.2: Describing How Two Variables Are Related,3.6.2,m00794,197463f8-05af-4627-b0f0-c76afae514ca
3.6.3: Using the Term Causal Relationship,3.6.3,m00797,1fda965c-7cca-4643-9140-32bb6ec401f6
3.6.4: Determining the Type of Relationship,3.6.4,m00800,c01ee129-2242-4e19-8f51-cc8b2aa2777f
3.6.5: Practice,3.6.5,m00801,65059114-903b-488a-b24c-444781364224
3.6.6: Lesson Summary,3.6.6,m00802,4b09c455-c83c-4969-a56f-d103b63e6bea
4.1.0: Lesson Overview,4.1.0,m00841,7994d3c1-adea-4d2b-bc3e-3a9dbc5fd7d3
4.1.1: Contrasting Two Relationships by Reasoning,4.1.1,m00842,69b16ac1-9c21-4eec-b729-adccee5aeb79
4.1.2: Reasoning Graphically about the Relationship between the Two Quantities,4.1.2,m00843,8494df7e-3cb1-4f37-8e40-0260a131d693
4.1.3: Examining Relations and Functions,4.1.3,m00846,deccce8e-7bfa-471c-a5e7-9b5a289d9125
4.1.4: Describing Functional Relationships,4.1.4,m00849,704f4f2c-a95f-4d7b-a6cb-3955c380a2f3
4.1.5: Modeling Relationships between Two Variables,4.1.5,m00852,93156fcf-e24f-4b0a-9556-8c5def808ac7
4.1.6: Practice,4.1.6,m00853,2574d15f-1472-4020-aeaa-ca9f5e4d72ca
4.1.7: Lesson Summary,4.1.7,m00854,07854733-5e4c-49ad-a2fc-4388f319de3e
4.2.0: Lesson Overview,4.2.0,m00862,000902a6-83c0-49db-bcc9-0497c01a90ee
4.2.1: Interpreting Graphs to Answer Questions,4.2.1,m00863,3c1a54fe-9ea6-4cb9-9802-9652b36ab947
4.2.2: Interpreting Statements Written in Function Notation,4.2.2,m00864,ab565fb5-dbc3-46ed-aff9-168a12d11be9
4.2.3: Finding a Unique Output for Each Input,4.2.3,m00867,3a8d4e69-6cf1-4611-809c-6fe09c217928
4.2.4: Understanding Function Notation Using Application Problems,4.2.4,m00870,e0615886-a95e-4019-82c8-02a3c0fa362a
4.2.5: Practice,4.2.5,m00871,53f146c8-a81a-496a-a7eb-422d2cfe4cad
4.2.6: Lesson Summary,4.2.6,m00872,19209df8-c53f-472b-88c3-9d4c63be0b79
4.3.0: Lesson Overview,4.3.0,m00880,8d11703b-61f6-45bd-9b78-213eabea14a5
4.3.1: Comparing Function Values,4.3.1,m00881,9fdcbb13-a1b3-4f53-a2e2-67867f57f0e8
4.3.2: Writing Statements from Function Notation,4.3.2,m00882,96c04e28-5f09-4dae-86af-ad0317a73d06
4.3.3: Comparing Statements in Function Notation,4.3.3,m00885,82a92fa5-9f2f-4ae8-9c0e-e8d21edff092
4.3.4: Using Function Notation with a Real-World Example,4.3.4,m00888,f6a358f4-ea3b-42ba-b602-8f0f01dda140
4.3.5: Practice,4.3.5,m00889,37d9d69b-b331-4d77-810f-4b34f6976c08
4.3.6: Lesson Summary,4.3.6,m00890,fe3bc1cc-0a8b-48a6-8abe-9bc4da940965
4.4.0: Lesson Overview,4.4.0,m00898,c09435e8-93ed-4693-a9a6-5f1c2edf6072
4.4.1: Using Function Notation in Tables of Values,4.4.1,m00899,72af7e5a-d729-4354-8c65-cb4687db89dc
4.4.2: Defining Functions by a Rule,4.4.2,m00900,ae18283b-2dcb-44f5-a7ba-85137253214e
4.4.3: Using Tables to Find Function Rules,4.4.3,m00903,9d4f41c8-b247-44e7-8251-bb4224155828
4.4.4: Writing a Rule Using Function Notation,4.4.4,m00906,8f718d52-1ab8-4894-b3b9-8ea1cfdc785f
4.4.5: Practice,4.4.5,m00907,ccdfa7b6-f7f9-48ac-8e68-5307c03d56db
4.4.6: Lesson Summary,4.4.6,m00908,d3553284-49ea-4819-8c20-d0f12bf97f7f
4.5.0: Lesson Overview,4.5.0,m00917,f9e7e913-d674-493f-b8e5-d470297bebb1
4.5.1: Finding Solutions of Equations,4.5.1,m00918,817871a6-38f2-4f33-abde-91b591dd3342
4.5.2: Using the Vertical Line Test,4.5.2,m00919,32d447b0-9307-4560-a89d-3ff42cd3e7c0
4.5.3: Comparing Functions,4.5.3,m00922,139acaa5-3d61-4462-9a4c-0c3abdd212b5
4.5.4: Using Function Notation and Graphing Technology,4.5.4,m00925,eb44e091-9498-4b0e-b2b5-85f7f3be5b7f
4.5.5: Using Graphical and Algebraic Approaches for Finding Unknowns of Linear Functions,4.5.5,m00928,845fdf77-b1f3-49e5-b346-e262ae61cee1
4.5.6: Practice,4.5.6,m00929,569b8774-7792-4f33-83ba-546b8a05f3df
4.5.7: Lesson Summary,4.5.7,m00930,398b31bf-648f-43d4-955e-2154325e7cff
4.6.0: Lesson Overview,4.6.0,m00940,70261d73-b749-41b6-8470-cae4f6016f27
4.6.1: Interpreting Statements in Function Notation,4.6.1,m00941,3964ba4f-76a0-4d37-99d3-9b335e002531
4.6.2: Analyzing Graphs of Functions,4.6.2,m00942,15cf4cee-164f-4e44-9a83-1340f6ca9288
4.6.3: Connecting Graphical and Verbal Representations of a Function,4.6.3,m00945,7585884a-37f5-4d07-b422-092ff567a6fd
4.6.4: Key Features of Linear Functions,4.6.4,m00948,971ea813-6f8d-43df-813a-d4b62713802f
4.6.5: Interpreting Graphs,4.6.5,m00951,e866f0df-f6ac-4f0a-b8e5-6b0d06f10374
4.6.6: Practice,4.6.6,m00952,25cefbb4-21e5-4134-9622-778cd6f10f7d
4.6.7: Lesson Summary,4.6.7,m00953,de230a91-7b6b-4404-8248-1dd45c1fceab
4.7.0: Lesson Overview,4.7.0,m00961,8e9d3ef9-93f0-43a1-91dc-ee599b7b6c73
4.7.1: Evaluating Fractions,4.7.1,m00962,63dfad8d-7ea6-462f-a464-04da9e0398e7
"4.7.2: Finding Slope From Tables, Graphs, and Points",4.7.2,m00963,069d1472-f34b-45d7-948a-ab63b5205107
4.7.3: Writing Linear Equations,4.7.3,m00966,7384c8ef-ce9a-466f-bbcc-3bba36839992
4.7.4: Writing Equations From Two Points,4.7.4,m00969,19fb09c3-f34b-4926-8f19-803ec6d704c3
4.7.5: Practice,4.7.5,m00970,4b47b537-b6fd-4807-8b63-ba58c7868c7a
4.7.6: Lesson Summary,4.7.6,m00971,9d8a97f5-5f42-4f74-8fb8-fa6185e0c82a
4.8.0: Lesson Overview,4.8.0,m00980,9baaba24-cd85-48dd-a379-fa03c06831f3
4.8.1: Comparing Changes in Output Based on Input,4.8.1,m00981,f32e87f0-d026-4fef-bcd7-fcec0c33b650
4.8.2: Average Rate of Change and Slope,4.8.2,m00982,e13d400a-70a3-4361-a8ac-4a98bf3a7d5e
4.8.3: Finding and Interpreting Average Rates of Change,4.8.3,m00985,a31b616d-85eb-4610-b0cc-a2da1ff50865
4.8.4: Rate of Change of Linear Functions,4.8.4,m00988,0ac1367e-2aaf-45f3-9908-e6a96070f5b0
4.8.5: Interpreting Average Rates of Change with Real-World Examples,4.8.5,m00991,ce2f19f7-2809-4d9e-9bc1-c8d7261c0d58
4.8.6: Practice,4.8.6,m00992,6d0b9cdc-1959-4b1e-8ff0-c96a56258c13
4.8.7: Lesson Summary,4.8.7,m00993,1cafdac8-5299-4a4f-aa6a-462fce86a66a
4.9.0: Lesson Overview,4.9.0,m01002,b0024d9c-e091-4b85-b776-1d0cb70ee9b6
4.9.1: Analyzing and Comparing the Properties of Graphs,4.9.1,m01003,076b7a57-308c-445e-b003-a0a83daf5791
4.9.2: Interpreting Graphs Without Units,4.9.2,m01004,4cec08c1-5546-4f00-8a42-2871792dc233
4.9.3: Sketching Graphs of Functions,4.9.3,m01007,5b6f6843-7a1f-4499-9569-871c94147b1f
4.9.4: Representing Quantities in a Situation,4.9.4,m01010,a01ba21b-09bf-4787-a574-e0051c443a47
4.9.5: Using Verbal Descriptions to Create Graphs of Functions,4.9.5,m01011,367cbb0f-9079-4c64-8da8-c6af15f622f4
4.9.6: Practice,4.9.6,m01012,9be46ff2-f497-4ef2-ba4c-fd0b9c70d320
4.9.7: Lesson Summary,4.9.7,m01013,4c306fe5-e45f-48b0-9296-f573c4c39284
4.10.0: Lesson Overview,4.10.0,m01022,3f8fd176-621f-4deb-9073-b826f2437a59
4.10.1: Analyzing Graphs and Statements in Function Notation,4.10.1,m01023,ef35b2b7-133f-4c53-9044-247d1b37ed59
4.10.2: Interpreting Graphs and Statements in Terms of a Situation,4.10.2,m01024,d7284a74-3bf7-4045-9765-3fbb6082aec0
4.10.3: Comparing Functions Represented in Separate Graphs,4.10.3,m01027,92e8dfd0-6db9-43e8-9a0b-7395bb5f18ae
4.10.4: Comparing Graphs and Statements that Represent Functions without a Context,4.10.4,m01030,21083f62-2769-4b2f-a20c-84758a8833bf
4.10.5: Analyzing Functions Using Real-World Context,4.10.5,m01033,90361e3a-fb12-4b4a-968a-8a7cbc371e97
4.10.6 Practice,4.10.6,m01034,25116715-383f-4477-867f-3a35f6088c31
4.10.7: Lesson Summary,4.10.7,m01035,0365fe92-a898-4dd3-9ba5-0d00e53aaf8f
4.11.0: Lesson Overview,4.11.0,m01045,842cc170-e9f0-4019-848a-c7bf20785302
4.11.1: Graphing Linear Functions,4.11.1,m01046,d5869c8e-d8f7-42ea-8f3d-f27a0b205f25
4.11.2: Vertical Shifts,4.11.2,m01047,1888595a-3fe2-4328-8b49-25f514403135
4.11.3: Horizontal Shifts,4.11.3,m01050,068b23db-4ef3-4cc0-ba85-c5bdcedb44ad
4.11.4: Vertical Stretches and Compressions,4.11.4,m01053,fb0b842c-6961-4451-bd4d-b36aa885f001
4.11.5: Horizontal Stretches and Compressions,4.11.5,m01056,76e3ba95-00c6-4c95-9508-25f577bd8d6d
4.11.6: Graphing Using Transformations,4.11.6,m01059,fd775b0d-eaf8-4961-bf13-fe0f9d817f22
4.11.7: Practice,4.11.7,m01060,bb54ac74-2064-460c-8dbf-2e230c3f82b7
4.11.8: Lesson Summary,4.11.8,m01061,07139f65-496f-4b79-acfd-0e9732be786e
4.12.0: Lesson Overview,4.12.0,m01071,843ac61c-482c-46e9-994b-fc987315538e
4.12.1: Determining Reasonable Inputs and Outputs,4.12.1,m01072,1ec08e58-b14c-49d6-91d6-e7048c1bda17
4.12.2: Domain: The Input of a Function,4.12.2,m01073,f43f6c41-2996-4273-b7ea-ce13120d4bdf
4.12.3: Range: The Output of a Function,4.12.3,m01076,877aeae2-62fa-46b1-a771-fe211ff72af8
4.12.4: Using Graphs to Determine the Domain of a Function,4.12.4,m01079,93f84175-3337-44c8-898e-740170195bdc
4.12.5: Using Functions to Answer Real-World Questions,4.12.5,m01080,f07edad3-44f5-4b73-97e1-ab7c7edf128c
4.12.6: Practice,4.12.6,m01081,42f852cd-267d-4c26-b848-c79509100376
4.12.7: Lesson Summary,4.12.7,m01082,1e0c4715-0a26-40ab-a934-13a3e1ec21d2
4.13.0: Lesson Overview,4.13.0,m01091,5b324949-89ae-4804-a2a5-3e6ff18f130d
4.13.1: Different Features of a Graph,4.13.1,m01092,86115007-196b-4490-b3f8-434df9c68a76
4.13.2: Graphs of Functions,4.13.2,m01093,56d94467-09aa-41e2-a3a2-285655e739b3
4.13.3: Finding Domain and Range Using a Graph,4.13.3,m01096,b943d03e-b169-4373-ac2c-61f1fc49d1ce
4.13.4: Real-World Domain and Range,4.13.4,m01099,25bc5347-6037-4262-a3e5-632d205bd6f3
4.13.5: Graph of a Function and the Domain and Range Connection,4.13.5,m01102,0ed57142-71f9-4908-9139-079603b0b130
4.13.6: Practice,4.13.6,m01103,47d7fa48-eb66-4663-bd3f-df8748b53b14
4.13.7: Lesson Summary,4.13.7,m01104,d7eb7e17-beec-4648-83f3-3ca6cd1b5fd4
4.14.0: Lesson Overview,4.14.0,m01113,499211f3-998c-4c54-968b-b72ccbe3bdad
4.14.1: Describe the Pattern,4.14.1,m01114,6c6b0649-11eb-4d68-8a45-7f957407dbae
4.14.2: What Is a Sequence?,4.14.2,m01115,84407fcb-8ed5-44e7-a1da-559cb507b5e6
4.14.3: The Connection between Sequences and Terms,4.14.3,m01118,952dc309-bbb5-41dd-82f4-3933113af5a7
4.14.4: Rules for a Sequence,4.14.4,m01121,758666a5-9dda-4548-8b55-2cd60cea6b55
4.14.5: Practice,4.14.5,m01122,16928bf5-9402-40a3-acad-5c1e5e3c5e4e
4.14.6: Lesson Summary,4.14.6,m01123,78cc6aa5-a583-4831-b8a9-de830e048ff0
4.15.0: Lesson Overview,4.15.0,m01131,659ffb09-cbdc-4ddf-836f-149806eef170
4.15.1: What Are the Patterns?,4.15.1,m01132,60963ba9-7da8-4fca-8823-dd5840082225
4.15.2: Using Tables and Graphs to Represent Geometric Sequences,4.15.2,m01133,fb84e946-8524-4c07-9167-f67b4fabfc33
4.15.3: Complete the Sequence,4.15.3,m01136,eb16de37-9589-4e87-bb88-7e1995c805f9
4.15.4: Connecting the Common Ratio and the Term in a Sequence,4.15.4,m01139,08a494e4-71b8-4a48-9888-353caa5d297b
4.15.5: Practice,4.15.5,m01140,9d881be5-f13a-456f-94a2-3e2ce4e3557b
4.15.6: Lesson Summary,4.15.6,m01141,4ab664db-847a-4cea-9a41-47c42b12cda8
4.16.0: Lesson Overview,4.16.0,m01149,92ffc292-5cdd-49b0-a344-c5726b9024e9
4.16.1: Interpreting Function Notation,4.16.1,m01150,916a2852-d394-4c29-9a61-6dc8499ee8ac
4.16.2: What Is an Arithmetic Sequence?,4.16.2,m01151,32aa66ab-354b-47dd-b0f5-d3c5e7a8f3b4
4.16.3: A Sequence Is a Type of Function,4.16.3,m01154,0e2ed49d-b293-4c03-89c8-8cf1c31e03d3
4.16.4: Identify and Generate Sequences,4.16.4,m01157,4c933a0d-7cfa-4a51-8e65-c265d65a0a65
4.16.5: Practice,4.16.5,m01158,5da2b223-bf54-400c-bb85-23f546ff93e1
4.16.6: Lesson Summary,4.16.6,m01159,42f164d8-bd68-4edc-b1c4-840053dfcc8d
4.17.0: Lesson Overview,4.17.0,m01167,4863b4a2-bd38-438b-abc0-ec1dc8227b8c
4.17.1: Define a Sequence,4.17.1,m01168,3c65fbac-3a76-4126-aea8-0624d7778c27
4.17.2: What Is a Recursive Definition?,4.17.2,m01169,a1f6a500-f238-4200-956e-c123f469e3a4
4.17.3: Ways to Represent a Sequence,4.17.3,m01172,fe160c4f-05cd-4512-bab3-a5c801692a2b
4.17.4: Geometric Recursive Definitions,4.17.4,m01175,e0f368cd-c361-46d5-8b68-97253dd4bcdf
4.17.5: Practice,4.17.5,m01176,6e2d1af4-e630-46ed-b201-863c0fdcdc17
4.17.6: Lesson Summary,4.17.6,m01177,9a121f4b-6295-48ac-84ab-c76ac496ef44
4.18.0: Lesson Overview,4.18.0,m01187,960a7e59-c480-4d52-9821-f18995fd1cb1
4.18.1: Repeated Operations,4.18.1,m01188,c572d117-15de-4f96-a168-ffaf5ff89dbc
4.18.2: Identifying Domain for a Function,4.18.2,m01189,43b50209-567b-428f-a1e0-5c043274b51d
4.18.3: Define an Arithmetic Sequence by the nth Term,4.18.3,m01190,09473a2f-c05b-45d9-bb74-3ee7b5a65201
4.18.4: Define a Geometric Sequence by the nth Term,4.18.4,m01193,a8fc5639-c598-4459-97b0-b97d202b8457
4.18.5: Interchanging between Formulas,4.18.5,m01196,ce432a3d-b077-4f2c-8561-fb6c7f78d108
4.18.6: Different Types of Equations,4.18.6,m01199,519bca51-b316-4f18-a123-855167be2f91
4.18.7: Practice,4.18.7,m01200,bc050223-a311-4f18-9577-6d3511fc2ac2
4.18.8: Lesson Summary,4.18.8,m01201,ee07d958-c5d3-4f7a-b6e1-e8a9384b4662
5.1.0: Lesson Overview,5.1.0,m01234,ca6334a8-255a-484a-9046-06a1c1760c66
5.1.1: Understanding Exponents,5.1.1,m01235,83a005c1-4f25-4d64-a5f0-7bbf949e73ba
5.1.2: Using Product and Quotient Properties for Exponents,5.1.2,m01236,7b4140db-992b-4af8-aa2b-62f11850c491
5.1.3: Using Zero Exponent Property and Negative Exponents,5.1.3,m01239,35d88fe6-361c-4a0f-8512-38e964310716
5.1.4: Using Power Properties for Exponents,5.1.4,m01242,36692d0b-e17f-4240-b529-ccdbd4dc1bc9
5.1.5: Simplifying Exponents,5.1.5,m01245,0eae6d9a-ed82-4755-8b05-db0b5882f0e9
5.1.6: Practice,5.1.6,m01246,7d9855ce-6416-4bd7-af16-dff08c44c3d1
5.1.7: Lesson Summary,5.1.7,m01247,33740a56-283f-4778-bd1e-e7372360a917
5.2.0: Lesson Overview,5.2.0,m01255,5bbefea6-b470-48e6-8895-7d293d52ffb3
5.2.1: Perfect Squares Revisited,5.2.1,m01256,a0bc440d-343e-40bd-863a-25de8db32a35
5.2.2: The nth Root,5.2.2,m01257,82abc8d8-2ea0-43aa-a2f0-740f65fe6530
5.2.3: Radicals and Rational Exponents,5.2.3,m01260,4714b01e-5fed-439f-ab79-7e1e1bd69f06
5.2.4: Properties of Exponents with Rationals,5.2.4,m01263,4c241771-88e4-4f91-9e19-a8f7e79adea9
5.2.5: Practice,5.2.5,m01264,2651c5b1-75ed-41ad-b9a8-910134ec83e3
5.2.6: Lesson Summary,5.2.6,m01265,ba9e77d8-455a-4cad-8062-e822e0cc3df6
5.3.0: Lesson Overview,5.3.0,m01274,2642faad-91af-4613-a9b6-29bdc1ab1122
5.3.1: Creating a Pictorial Representation of Exponential Growth,5.3.1,m01275,1c424007-496c-4c22-affb-d9b0a3142890
5.3.2: Exploring Different Growth Patterns,5.3.2,m01276,05b7a2e4-9a0b-4dbd-be8b-009f8af32fcb
5.3.3: Compare and Contrast Two Patterns,5.3.3,m01279,794af04a-1933-4819-ab55-42e3bd2baa1c
5.3.4: Match Expressions and Tables with Situations,5.3.4,m01282,107269f0-8542-4b95-86a7-2f9d5dcb3dc5
5.3.5: Describe Mathematically Changes in Growth,5.3.5,m01285,c777ea4f-47f6-4c7d-b4cc-5ed8be4fa1fc
5.3.6: Practice,5.3.6,m01286,5315b4d2-39d4-4c50-8080-6c864de3f3b3
5.3.7: Lesson Summary,5.3.7,m01287,4168c250-712a-41a6-a449-83ec72657b4e
5.4.0: Lesson Overview,5.4.0,m01296,5e4d7d6f-4323-4ab6-bab6-6d018c5cec2a
5.4.1: Exponent Rules,5.4.1,m01297,55a3b4f0-bbbb-4f23-a164-d2e34e894ecf
5.4.2: Zero Exponent Rule,5.4.2,m01298,f0be5bac-2770-439d-9acd-6b160caa5c8c
5.4.3: Exponential Change: The Growth Factor,5.4.3,m01301,49c80861-9bdd-42d6-aafc-1ec7907a405a
5.4.4: Graphing Exponential Expressions,5.4.4,m01304,d7a1e57e-129d-4a4a-a0c0-63312fa16bc5
5.4.5: Interpret the Growth Factor of the Equation,5.4.5,m01307,45e22392-e73a-420f-b7f5-059f42fc8f02
5.4.6: Practice,5.4.6,m01308,399a79e5-86ab-447c-ab5f-1d605f2e7fad
5.4.7: Lesson Summary,5.4.7,m01309,4c9f9669-7540-475b-995a-54bdc6323b87
5.5.0: Lesson Overview,5.5.0,m01318,ae0db749-ea26-4b4d-9e49-4ca8e1f3fd7e
5.5.1: Identifying Linear and Exponential Quantities,5.5.1,m01319,259a08d0-36dc-4e41-bd40-0d48adf31822
5.5.2: Exponential Decay,5.5.2,m01320,c6eb0ba4-0fc5-4b53-a0ba-eb5331b825bc
5.5.3: Using Graphs to Represent Exponential Decay,5.5.3,m01323,35e6fa84-8ca9-428d-8036-abc0c10f6d84
5.5.4: Justifying Exponential Models,5.5.4,m01326,506aa52d-0310-42ca-add8-88ad6333b815
5.5.5: Writing Equations to Represent Exponential Decay,5.5.5,m01329,6097bbe2-beb1-4be9-ab69-1d295ad94be3
5.5.6: Practice,5.5.6,m01330,230f0108-deed-4b84-899e-0d5eaffb0ab0
5.5.7: Lesson Summary,5.5.7,m01331,4eef8372-dd0d-4bc2-9353-920478abe180
5.6.0: Lesson Overview,5.6.0,m01341,8179bf60-b4cc-42a0-8263-24260a296977
5.6.1: Checking Exponent Rules,5.6.1,m01342,9536d8d0-2c73-41b0-9797-7c6127ce5dc2
5.6.2: Interpreting Negative Exponents in Exponential Growth,5.6.2,m01343,c858de99-bbe5-45c2-9bf9-fbc6416dfed4
5.6.3: Interpreting Negative Exponents in Exponential Decay,5.6.3,m01346,7e26d98d-8cc2-4f2e-8bd5-e041f868c355
5.6.4: Using Scientific Notation,5.6.4,m01349,b3852d9f-f996-4492-b8c7-b95b133f1c74
5.6.5: Applying Scientific Notation,5.6.5,m01352,5f9abfb0-c6f6-468e-972f-79c59b168cc1
5.6.6: Interpreting Negative Exponents and Scientific Notation,5.6.6,m01355,7e04628f-ae29-4153-b6cb-ba0d75e6dd3d
5.6.7: Practice,5.6.7,m01356,4028ae2a-f4dc-4729-99a9-77299f73f7d0
5.6.8: Lesson Summary,5.6.8,m01357,7f359336-3112-4a86-a6c5-081bd9a5e0ac
5.7.0: Lesson Overview,5.7.0,m01365,f8e5a1eb-8d79-48fc-8d42-98473f4792cb
5.7.1: Patterns in Real Numbers,5.7.1,m01366,ae2b4d51-ef57-4c57-bc4e-795614463d3b
5.7.2: Comparing Graphs,5.7.2,m01367,9f190fde-eccf-47b6-a4e1-b7bc51969576
5.7.3: Describing Graphs,5.7.3,m01370,f9d51a47-d5aa-49cd-ab95-2c842807e928
5.7.4: Quantities that Change Exponentially,5.7.4,m01373,64d372ce-e8ca-421c-91a1-5a8062a48cf4
5.7.5: Practice,5.7.5,m01374,ddee1421-0b69-4ede-9041-0bd6ad4fe983
5.7.6: Lesson Summary,5.7.6,m01375,898e3c4e-5d9d-40db-a8e7-f9f032399ea8
5.8.0: Lesson Overview,5.8.0,m01384,0add87c4-bc6b-45b0-ba11-a587ac267908
5.8.1: Meaning of a Function Presented Graphically,5.8.1,m01385,db3e75be-1675-4188-81ff-7a0dd24483f6
"5.8.2: Represent a Function as a Table of Values, Graph, and Equation",5.8.2,m01386,f8f731a2-f4cc-46ce-bbea-12a290ed2322
5.8.3: Using Function Language and Notation,5.8.3,m01389,65f28687-6f62-4c88-8d5c-d75c0cd03816
5.8.4: Function Notation,5.8.4,m01392,eeadf469-35b2-44c0-8397-57265acb07a1
5.8.5: Practice,5.8.5,m01393,269ed262-bc2e-4cf0-8b54-3630742ec1c6
5.8.6: Lesson Summary,5.8.6,m01394,fd8655c1-d0cf-4be4-8cb0-b43e57932fd2
5.9.0: Lesson Overview,5.9.0,m01403,6782bc5e-419b-456e-b877-b41eed38a66f
5.9.1: Evaluating Expressions for Different Values of x,5.9.1,m01404,0804f787-7589-44d1-adcc-d288a70772eb
5.9.2: Analyze Underlying Relationship in a Graph of a Function,5.9.2,m01405,e7fbe1e5-be85-4f47-9c54-41d96f634100
5.9.3: Graph Equations to Solve Problems,5.9.3,m01408,bbb742b1-42c6-4915-9c42-1eacdd5126b4
5.9.4: Deciding on Graphing Window,5.9.4,m01411,a8640d0f-639d-4831-898e-69fc64d2fc2b
5.9.5: Interpret Graphs to Find Approximate Values,5.9.5,m01412,7be6d347-71da-4dfb-8b80-6fd187d6d62e
5.9.6: Practice,5.9.6,m01413,e95079d7-5769-41fc-8bb8-614709269598
5.9.7: Lesson Summary,5.9.7,m01414,440788da-14c8-4b6a-a963-cf7436f12625
5.10.0: Lesson Overview,5.10.0,m01422,fc8bb9d9-2660-4d02-a36f-1e02d31ea3b8
5.10.1: Calculate an Average Rate of Change from Two Points,5.10.1,m01423,2d56f810-ac0b-4654-ae4d-5ac8c6f3ab45
5.10.2: Explore Average Rates of Change in an Exponential Growth Function,5.10.2,m01424,459b56c6-ec11-4ac6-9385-64cc76996f3e
5.10.3: Explore Average Rates of Change in an Exponential Decay Context,5.10.3,m01427,d3be6b21-1575-4b05-8609-25e359dbe07c
5.10.4: Average Rate of Change,5.10.4,m01430,df514f95-8faf-4efe-bfda-0cf5b18687a9
5.10.5: Practice,5.10.5,m01431,be9d9e1e-875e-4e7f-a6eb-f495d4c03b44
5.10.6: Lesson Summary,5.10.6,m01432,db203a84-23ab-4451-830b-182a98e94f91
5.11.0: Lesson Overview,5.11.0,m01441,d68458e2-992a-4bd5-b3bf-bffd8f7417ba
5.11.1: Changing the Graphing Window,5.11.1,m01442,cc3c4697-2bef-4e00-8166-dfe68c5d208f
5.11.2: Choosing an Appropriate Model,5.11.2,m01443,3f5042f0-076f-41da-8e65-fa0c0a678d6b
5.11.3: Modeling with Exponential Functions,5.11.3,m01446,2bf57462-b28c-4596-8b73-28d269dfb520
5.11.4: Examine Exponential Decay in Context,5.11.4,m01447,5b645948-6b7a-444e-8999-5ccfe39eaa8a
5.11.5: Using Relationship Models to Answer Questions,5.11.5,m01450,e81828f6-2f20-4e74-85c8-ae1d7e54cbaf
5.11.6: Practice,5.11.6,m01451,d50da9ad-6c3b-4362-88df-c46047d4e07f
5.11.7: Lesson Summary,5.11.7,m01452,a6d191f6-3b40-43b4-a9c6-70af464fa2b2
5.12.0: Lesson Overview,5.12.0,m01460,a763e9f7-7933-41e9-9938-eb347e69487b
5.12.1: Modeling Exponential Decay,5.12.1,m01461,7689915b-0509-4579-b462-e4ff1bc8b97e
5.12.2: Equations and Their Graphs,5.12.2,m01462,4403350e-aa93-4a7e-966c-88fdfc67de74
5.12.3: Graphs Representing Exponential Decay,5.12.3,m01465,d71f5909-46f8-411d-866b-a01e4393d45e
5.12.4: Possible Equation for a Function on a Graph,5.12.4,m01468,6729ab16-b788-4137-ac3b-733b3dabef62
5.12.5: Practice,5.12.5,m01469,07b89a99-3049-459d-95d8-61a35ca24388
5.12.6: Lesson Summary,5.12.6,m01470,b1f61680-40cd-419d-ada8-cd3d96eb61fe
5.13.0: Lesson Overview,5.13.0,m01479,b35936ab-6449-4bf7-81d1-6a7479e61e99
5.13.1: Comparing Functions,5.13.1,m01480,74ab219b-02c5-492f-98b5-61a3dd793e4f
5.13.2: Creating Exponential Functions from Graphs,5.13.2,m01481,46990163-00b1-4989-bb07-4275aa15a88a
5.13.3: Comparing Exponential Functions,5.13.3,m01484,728abc90-76f2-44d2-990d-479e7646590b
5.13.4: Interpreting Features of an Exponential Graph,5.13.4,m01487,1f8567bc-1636-496a-a6fa-740d4d7a85c6
5.13.5: Practice,5.13.5,m01488,947d5e35-a252-4d4b-8138-3682ad62e2b0
5.13.6: Lesson Summary,5.13.6,m01489,48d381ee-eec7-40ca-9fe7-4f18956f9a10
5.14.0: Lesson Overview,5.14.0,m01497,24e73b49-51b2-4ca6-b2f5-c4c8b32ca115
5.14.1: Distinguish Linear and Exponential Growth,5.14.1,m01498,9d0cab39-2dfc-440e-97bf-20a4906aa58a
5.14.2: Using Tables to Compare Linear and Exponential Growth Functions,5.14.2,m01499,9336ef50-c627-43f7-8f9d-5122d9586375
5.14.3: Compare Linear Functions with Exponential Functions,5.14.3,m01502,611d5836-080a-485d-b6c4-b4344fc1d954
5.14.4: Using Function Notation to Compare Linear and Exponential Functions,5.14.4,m01505,141e7e23-978d-48c1-93c1-bf979f7d5d14
5.14.5: Practice,5.14.5,m01506,701bdbda-dbff-4f63-ae48-44c187a9b614
5.14.6: Lesson Summary,5.14.6,m01507,75dc5cfa-4fae-41a0-a3a5-d26f3f58ecd9
5.15.0: Lesson Overview,5.15.0,m01515,7a7c087d-a8bd-47f7-8662-0848ce0c1ef1
5.15.1: Writing Equivalent Expressions,5.15.1,m01516,40e2e5e5-6e09-487d-a0a0-8ff145031a7b
5.15.2: Linear Function Constant Rate of Change,5.15.2,m01517,49621e04-9a18-49b3-9f76-cc14e354998d
5.15.3: Growth Rate of an Exponential Function,5.15.3,m01520,767f37b0-537b-4226-acc4-56db9130e62b
5.15.4: Comparing Linear and Exponential Growth,5.15.4,m01523,5b9bd6ee-5dc9-4d89-8e28-e1c24e9324c2
5.15.5: Practice,5.15.5,m01524,e54236c4-913e-4fc3-9e4c-4578e808decb
5.15.6: Lesson Summary,5.15.6,m01525,16c2e7c2-7a7c-4367-a841-c47ee37b623e
6.1.0: Lesson Overview,6.1.0,m01568,cac4857e-72de-44cc-a5fa-430aaa27127a
6.1.1: Understanding Polynomials,6.1.1,m01569,162749c6-a826-413a-acb5-51e99ff2a816
6.1.2: Adding and Subtracting Polynomials,6.1.2,m01570,7a38b2ed-90c4-4b17-9644-6c53fd8ea531
6.1.3: Evaluating a Polynomial Function for a Given Value,6.1.3,m01573,ab7d92c1-0e3e-4d6f-9f21-7b27a69aa13e
6.1.4: Adding and Subtracting Polynomial Functions,6.1.4,m01576,f4be7eec-bc1f-4d74-acde-2b9d92e5b259
6.1.5: Reviewing Polynomial Addition and Subtraction,6.1.5,m01579,22ebae28-276a-4ac6-b727-22b4b7c0b032
6.1.6: Practice,6.1.6,m01580,39a15d22-c944-4bf1-9086-737db5a436c2
6.1.7: Lesson Summary,6.1.7,m01581,a50ae1e1-f773-4f81-a780-dfbbbfa4cf4d
6.2.0: Lesson Overview,6.2.0,m01590,71090a31-3e52-4a72-bb08-e9ec8eedfb07
6.2.1: Multiplying Monomials,6.2.1,m01591,65111bdd-dcd1-46bd-ac79-a19d57bc8b2b
6.2.2: Multiplying Binomials,6.2.2,m01592,ea7a5b8b-fc79-4378-8674-3a2aca4604f3
6.2.3: Multiplying a Polynomial by a Polynomial,6.2.3,m01595,566aed3a-50bb-4130-85a2-4c4eb84484b1
6.2.4: Multiplying Special Products,6.2.4,m01598,6829446a-55b2-4f73-bb49-6b7166f66062
6.2.5: Multiplying Polynomial Functions,6.2.5,m01601,652b72c5-7fdc-4ec9-81e8-243e7264a076
6.2.6: Practice,6.2.6,m01602,fe917a6b-48df-4670-821c-1f23c3f07916
6.2.7: Lesson Summary,6.2.7,m01603,ce1bbc76-8848-4e7d-9af1-fc75fb6cba26
6.3.0: Lesson Overview,6.3.0,m01612,ae250c51-90ab-44a4-ab1d-dee2da9cdd86
6.3.1: Dividing by Monomials,6.3.1,m01613,f3922b57-7d19-41d8-b958-2b755e5ba48b
6.3.2: Dividing Polynomials Using Long Division,6.3.2,m01614,f79c2161-79de-41c7-a24e-6b42459846b3
6.3.3: Dividing Polynomials Using Synthetic Division,6.3.3,m01617,ff9c145f-d6eb-40d2-b0d9-db3d7c2413a5
6.3.4: Dividing Polynomial Functions and the Remainder Theorem,6.3.4,m01620,9797dc54-9f7d-41f7-b250-34eeb66e11db
6.3.5: Using the Factor Theorem,6.3.5,m01623,5a75d066-60bf-48a9-b03d-b7c239a71c3e
6.3.6: Practice,6.3.6,m01624,d8dddaa6-bf4d-4792-9923-3704da452c4f
6.3.7: Lesson Summary,6.3.7,m01625,1c3ed149-6eff-4882-9585-c1be9f7d5317
6.4.0: Lesson Overview,6.4.0,m01635,10793d56-096b-4031-a2df-9d07d9bd74d2
6.4.1: Finding Factors,6.4.1,m01636,66cf9672-c15a-4bf6-bcdf-8521ebd81878
6.4.2: Finding the GCF of Two or More Expressions,6.4.2,m01637,c0273d52-1506-4f0c-b01a-20840b4ed9b9
6.4.3: Factoring the GCF from Polynomials,6.4.3,m01640,4931f0d7-dfcd-4977-8f73-f37cbb2b51b0
6.4.4: Factoring Polynomials by Grouping,6.4.4,m01643,d52adfa3-7c8a-4c15-ad31-754facf22fee
6.4.5: Can You Factor the Polynomial?,6.4.5,m01646,eeb97e66-1b8c-42a2-985f-49a95aa66006
6.4.6: Practice,6.4.6,m01647,0b858d1d-4b51-4ac1-88e8-b486b1645417
6.4.7: Lesson Summary,6.4.7,m01648,db3d7577-78be-4c0d-a0fc-bd75b2b4136c
6.5.0: Lesson Overview,6.5.0,m01657,ac5c426e-f635-4484-b454-d1bdc8904e21
6.5.1: Undoing FOIL,6.5.1,m01658,69700cfc-cf88-43f4-8e91-e0425f39f186
6.5.2: Factoring Trinomials with Leading Coefficients of 1,6.5.2,m01659,bd9e7a99-7a25-48a2-a992-d8a1efacd58f
6.5.3: Factoring Trinomials Using Trial and Error,6.5.3,m01662,55751f10-0f21-4123-abcc-c95ab7874eaf
6.5.4: Factoring Trinomials Using the ‚Äúac‚Äù Method and Substitution,6.5.4,m01665,afa14f4f-10b5-417e-9143-e54f50dfa242
6.5.5: Choosing Your Own Method to Factor Trinomials,6.5.5,m01668,1b8c0d6f-713f-4fb9-973e-4f378b49d43c
6.5.6: Practice,6.5.6,m01669,b934f4e7-e4af-4f83-8345-706bcd3aeac5
6.5.7: Lesson Summary,6.5.7,m01670,4b57a750-1fa3-4b31-b48c-abd8382023e5
6.6.0: Lesson Overview,6.6.0,m01678,f1540b33-f22f-4daa-b2b2-54a7b5b50266
6.6.1: Identifying Perfect Square Trinomials,6.6.1,m01679,fc02617a-39a5-4872-9e11-c3067e54a879
6.6.2: Factoring Perfect Square Trinomials,6.6.2,m01680,8a60b5f9-3b05-4ec6-8250-c558b34dd326
6.6.3: Factoring the Difference of Squares,6.6.3,m01683,f6dac26a-db96-4e89-bcca-e4ecdd324dd3
6.6.4: Sorting Polynomials by Factoring Methods,6.6.4,m01686,031624f3-68e2-4c28-873c-2a915ccaaac0
6.6.5: Practice,6.6.5,m01687,2085d7a9-26fb-40b8-97ef-dea0dc7a9e7f
6.6.6: Lesson Summary,6.6.6,m01688,11ed3a41-2df1-4fd7-a688-79c1dbfe86f0
6.7.0: Lesson Overview,6.7.0,m01696,955f270c-b141-4ea7-8e7f-6d7df69ae636
6.7.1: Factoring Strategies for Polynomials,6.7.1,m01697,5c2874d2-a09c-4db4-ab60-41a75ece8ba3
6.7.2: Reviewing General Strategies to Factor a Polynomial,6.7.2,m01698,9a19ab43-ad64-4e8a-8165-830266ec3090
6.7.3: Implementing General Strategies for Factoring,6.7.3,m01701,d9f86ea5-c785-4b6a-9a1f-7e172bc88ef8
6.7.4: Is the Polynomial Completely Factored?,6.7.4,m01704,684f9c99-c57a-463c-95e6-e2790fc728c2
6.7.5: Practice,6.7.5,m01705,bff05d66-5916-4bd0-9aba-c86ec8b48a23
6.7.6: Lesson Summary,6.7.6,m01706,69a0ce3c-c812-4303-b001-a3926e9d5103
Project 6 Overview,Project,m01711,26a9bc08-d8bd-4b3e-bbb3-a9a15fffe268
Areas of Rectangles,Areas,m01712,d75d4474-450a-42c9-bbf0-1f5979de19c4
Dimensions and Areas of Rectangles,Dimensions,m01713,12cfc721-43cf-48e5-8642-54256124102e
Create Your Own Rectangles,Create,m01714,12e797d9-b71d-4355-8453-f72e31c13696
Unit 6 Wrap Up,Unit,m01715,be3a143f-473c-4022-98f1-d6aae9e708b2
Unit 7 Overview: Why Should I Care?,Unit,m01721,1027a45e-d5ee-42da-9f63-e7a3474a91c1
Multiply Binomials: Mini-Lesson Review,Multiply,m01724,e32b3496-b4b1-422d-8f39-06fb4e9a91d6
Factor Trinomials: Mini-Lesson Review,Factor,m01726,5cee9007-d079-4afe-ae92-d603bd945836
Compare Linear and Exponential Functions: Mini-Lesson Review,Compare,m01728,669cca44-cb71-4884-bb6b-c8243b126f19
Unit 7 Overview: Wrap Up,Unit,m01729,5cabb7ed-6952-4af7-9223-3288fae2080b
7.1.0: Lesson Overview,7.1.0,m01738,01dc4264-a624-4477-9ee5-618726fdb629
7.1.1: Noticing New Patterns of Change,7.1.1,m01739,2266a479-05ca-4b2d-af37-8f39482426e6
7.1.2: The Relationship between Length and Area,7.1.2,m01740,7441a7d6-a29b-4caf-b2a1-23e46608efc2
7.1.3: Plotting Measurements,7.1.3,m01743,de5d7387-78cd-4656-bed8-aa2b73420670
7.1.4: The Input and Output of a Function,7.1.4,m01746,3766ff46-9e18-48ec-ac0d-8a44074cef70
7.1.5: Practice,7.1.5,m01747,26efa948-7f15-4be2-b8c7-b24942af0903
7.1.6: Lesson Summary,7.1.6,m01748,8ebd95cd-959d-4605-95d9-8f8205b17003
7.2.0: Lesson Overview,7.2.0,m01756,5eb9b4f6-9a11-497d-bdb1-1ffc42ca04a8
7.2.1: Squares in a Geometric Pattern,7.2.1,m01757,5a2afa81-86e9-444b-87b3-ee39af81dc15
7.2.2: Constant and Exponential Change,7.2.2,m01758,618817ff-e0ac-4023-8e4b-641bec86f60d
7.2.3: Quadratic Expressions,7.2.3,m01761,25ba18e2-6f38-4962-bc53-e9bc47b76cdb
7.2.4: Quadratic Relationships,7.2.4,m01764,f1b3e77f-cccc-4879-86b0-832e27641e51
7.2.5: Practice,7.2.5,m01765,35d50e3c-816e-4335-8754-eab477955059
7.2.6: Lesson Summary,7.2.6,m01766,8438f211-0f78-4f07-9294-e0bd9ef03b4b
7.3.0: Lesson Overview,7.3.0,m01775,5df2fb9f-cdab-4457-9729-8e1ef22158a8
7.3.1: Quadratic Expressions and Area,7.3.1,m01776,9b2c88ca-c376-45d5-b27a-d3ca582c425f
7.3.2: Writing Equations for Patterns with Squares,7.3.2,m01777,2d090c20-e1d6-493f-be9a-581ed4885c13
7.3.3: Quadratic Sequences,7.3.3,m01780,7d020aec-5aad-4812-b379-db10735021c8
7.3.4: Is the Pattern a Quadratic Function?,7.3.4,m01783,bd8fc3c2-f9b3-4379-937a-4a6b99b67401
7.3.5: Practice,7.3.5,m01784,f524df07-7b2c-4689-8cf0-9d386177b611
7.3.6: Lesson Summary,7.3.6,m01785,a043f220-8af4-404f-9b19-69b697d3633f
7.4.0: Lesson Overview,7.4.0,m01793,f9474c1e-45ac-413f-993a-74e190b4511f
7.4.1: Comparing Expressions,7.4.1,m01794,6c3bf253-8f7e-4ed6-a615-be145d63f009
"7.4.2: Exploring Linear, Exponential, and Quadratic Growth",7.4.2,m01795,a2eb760f-6c1f-42b6-a8bc-82c9360ca3ab
7.4.3: Comparing Exponential and Quadratic Functions,7.4.3,m01798,9795d3c4-b3f6-415c-baba-9480d68bac04
7.4.4: Comparing Exponential and Quadratic Expressions,7.4.4,m01801,d2c0a059-1f72-4bd3-abf6-b80c0caa2fd4
7.4.5: Practice,7.4.5,m01802,ccf65979-8221-4a4d-a203-05736c2cddae
7.4.6: Lesson Summary,7.4.6,m01803,f97ee9b3-a2b8-4b02-87b7-b85972ef65fb
7.5.0: Lesson Overview,7.5.0,m01811,678ee2e0-7755-47fa-9bdd-ce755bf17b32
7.5.1: Numerical Patterns,7.5.1,m01812,7c7c442f-a781-4d92-84f8-ece735015f41
7.5.2: A Time-Distance Quadratic Model,7.5.2,m01813,99a708da-b97a-4600-b0d7-0efa7d7965de
7.5.3: Distance as a Quadratic Function of Elapsed Time,7.5.3,m01816,ee7d047c-b84c-4e5f-8557-c05b27773ca0
7.5.4: A Quadratic Expression that Represents the Relationship between Distance and Time,7.5.4,m01819,2a5f241b-cf65-472a-be56-b023f27c2748
7.5.5: Practice,7.5.5,m01820,0a00d4b8-81af-4786-b132-5ba65285b38c
7.5.6: Lesson Summary,7.5.6,m01821,6ad2e8f2-0cfc-4c4c-9dc6-e9b5cded38d1
7.6.0: Lesson Overview,7.6.0,m01829,27a3e64c-c06e-44b7-bc61-8f3396d6bacf
7.6.1: Using Linear Functions to Describe Constant Speed,7.6.1,m01830,dd80717c-4d2d-4b7d-a7d0-8ec2209f8e75
7.6.2: The Force of Gravity Change in Quadratic Functions,7.6.2,m01831,c1075676-fbfd-4cbb-b364-e4df4de863bc
7.6.3: Using Quadratic Functions to Describe Height,7.6.3,m01834,2eccc9c8-abe8-42ed-b7c3-c4708dbeff0c
7.6.4: Interpreting Graphs of Quadratic Functions,7.6.4,m01837,7e8a5f1d-6918-495c-8505-9f46cef62d2d
7.6.5: Practice,7.6.5,m01838,811d8581-236f-4450-9e6a-e37ab3f6c805
7.6.6: Lesson Summary,7.6.6,m01839,acfe0535-3bb2-4262-ab42-31be7567f0b1
7.7.0: Lesson Overview,7.7.0,m01847,a0e4d42c-4e58-43ef-b8fb-445f91c120de
7.7.1: Comparing Graphs of Functions,7.7.1,m01848,de1086c3-a18e-4663-8024-93eed1f2033b
7.7.2: Modeling Real-World Data with Quadratic Functions,7.7.2,m01849,0a8467f2-f127-4af6-b701-8168713e010b
"7.7.3: The Domain, Vertex, and Zero of Quadratic Functions",7.7.3,m01852,bb969e6a-5db8-4cc2-a43c-a354d4c62693
7.7.4: Relate the Domain of a Function to Its Graph,7.7.4,m01855,9538278a-71a7-4c62-8084-adbd243be166
7.7.5: Practice,7.7.5,m01856,e88288d9-fd83-4065-8ff9-113ba9f632e2
7.7.6: Lesson Summary,7.7.6,m01857,7d1bc529-e3f7-4283-839b-ea464824c746
7.8.0: Lesson Overview,7.8.0,m01866,1cab1fb7-f96d-4b01-a398-9e1c49902cb5
7.8.1: Area Diagrams,7.8.1,m01867,84e82697-e793-420e-986e-b73e4560a691
7.8.2: Using the Distributive Property to Write Equivalent Expressions,7.8.2,m01868,b5ab0794-daaf-4146-b8ee-89f6e0728f42
7.8.3: Using Diagrams to Find Equivalent Quadratic Expressions,7.8.3,m01871,a860ef95-560f-4bfa-a75a-245dabb2c12d
7.8.4: Writing Equivalent Expressions,7.8.4,m01874,afe84971-31fd-4ff9-91df-ca78cc330f61
7.8.5: Practice,7.8.5,m01875,ccd2fb80-7bba-4c12-a249-e61e33f072d2
7.8.6: Lesson Summary,7.8.6,m01876,a20061ee-fcf8-4285-bc85-09b94e828052
7.9.0: Lesson Overview,7.9.0,m01884,ba971ab1-41c6-45e7-a408-3eda66cb58a0
7.9.1: Solving Equations Using Opposite Operations,7.9.1,m01885,97168160-51ba-4208-96bf-6134c1a490ef
7.9.2: Finding Products of Differences,7.9.2,m01886,59a188db-040f-4b0a-8350-066e6cbd6e7a
7.9.3: Standard and Factored Forms of Quadratic Expressions,7.9.3,m01889,22227d56-bbe1-4a29-8f84-7c317f9693fd
7.9.4: Expressions in Standard Form,7.9.4,m01892,21760d1c-1f08-4076-9fa2-c2d0d3e196c1
7.9.5: Practice,7.9.5,m01893,be9e7279-162a-42be-9cb1-28004955d73e
7.9.6: Lesson Summary,7.9.6,m01894,8046a7de-7c60-456e-88ac-0950dd504665
7.10.0: Lesson Overview,7.10.0,m01902,5592b0c9-2600-4325-b9ca-6d330e38ee33
7.10.1: Graphs of Linear Equations,7.10.1,m01903,97594100-8099-4879-912b-227b1f0d5c94
7.10.2: Quadratic Forms and Their Graphs,7.10.2,m01904,06aaf20b-598f-4c01-b8b3-2dfd657d813b
7.10.3: The X- and Y-Intercepts of Quadratic Expressions,7.10.3,m01907,55abafa1-c8ec-464f-ab9b-4109464f7f1c
7.10.4: Using the Standard Form of an Equation to Find the X- and Y-Intercepts,7.10.4,m01910,395ce4a5-cb02-477b-89d5-e33632ae1bab
7.10.5: Practice,7.10.5,m01911,be28cce2-9b41-4f5a-a8aa-9a9f17386fe1
7.10.6: Lesson Summary,7.10.6,m01912,f3dd98e6-6e0e-460d-8052-a2175304e7e5
7.11.0: Lesson Overview,7.11.0,m01922,aa28575a-0250-4f69-84d4-3db8e9d953f1
7.11.1: Finding Coordinates,7.11.1,m01923,8bbccaea-ac2c-4d77-9afb-f87d961c00ab
7.11.2: The Factored Form of a Quadratic Expression and the X-Intercepts of Its Graph,7.11.2,m01924,d888f675-5c48-481a-bafa-48bdcdd60680
7.11.3: Sketching a Graph of a Quadratic Function Using at Least Three Identifiable Points,7.11.3,m01927,9c96a51e-a9ea-4280-aad8-eae60240f7f5
7.11.4: Using the Vertex and Axis of Symmetry of Quadratics,7.11.4,m01930,5201447f-8e34-47de-b0a0-55c039441731
7.11.5: Graphs of Quadratic Functions,7.11.5,m01933,97fdc1ee-23c5-4300-8067-340b1cd76f15
7.11.6: Practice,7.11.6,m01934,77f9d50d-b8ec-49f1-9ee9-c7c0ea238c30
7.11.7: Lesson Summary,7.11.7,m01935,d8ba5734-61ce-47a7-9b95-a53081e6fd7a
7.12.0: Lesson Overview,7.12.0,m01944,a1fc6ba9-040b-48f5-ad30-5f100ba41e7f
7.12.1: Using Coefficients and Constant Terms to Identify Graphs of Linear Equations,7.12.1,m01945,76a8b0e8-f9bd-4557-8cbc-c14baedbe7a8
7.12.2: Transformations with Quadratic Functions,7.12.2,m01946,0393787a-90f3-422d-a821-148e23cee5bd
7.12.3: Understanding the Behaviors of a Graph in Relation to Its Quadratic Expression,7.12.3,m01949,5aef2e7f-4b15-4504-b7e3-5af4bdca2c0b
7.12.4: Representations of Quadratic Functions,7.12.4,m01952,bcb1aaed-5eb5-437b-8c6e-ba4a05bdadf4
7.12.5: Identifying Graphs of Quadratic Equations,7.12.5,m01955,b037e657-a260-4ca8-8258-f77df075fcac
7.12.6: Practice,7.12.6,m01956,8616e899-dc3b-4759-a0f0-7dbafeae01c3
7.12.7: Lesson Summary,7.12.7,m01957,2dc75ddd-e9f1-4ffe-b7a9-f619b4660a45
7.13.0: Lesson Overview,7.13.0,m01966,0fc262ac-3ce0-4a36-9914-b1a79cd4bd77
7.13.1: Equivalent Expressions,7.13.1,m01967,a562cede-827b-460c-be52-604fe59e6103
7.13.2: The Linear Term in a Quadratic Expression,7.13.2,m01968,d1bafd98-32ef-4791-9164-f92e36127ef9
7.13.3: Writing Equations that Represent a Graph,7.13.3,m01971,d7d5b3f5-60d7-449c-8a85-f90f9088b74b
7.13.4: Writing Quadratic Equations from Real Solutions,7.13.4,m01974,fc696584-2dd3-4c51-b69d-0c1b355a48e3
7.13.5: Graphing Quadratic Equations,7.13.5,m01977,2515f08c-2e11-439a-90a0-b426e4837379
7.13.6: Practice,7.13.6,m01978,9f8ab34d-7755-42e5-800c-d5b426523ffc
7.13.7: Lesson Summary,7.13.7,m01979,6981cad6-cf79-46f1-93aa-62d18d78279f
7.14.0: Lesson Overview,7.14.0,m01988,e9460fcc-cffa-43c9-9e73-b41da2c80a7a
7.14.1: Evaluating Quadratic Functions in the Real World,7.14.1,m01989,55c1d375-5819-43ef-bbc9-5559f1d23eed
7.14.2: Interpreting a Functional Relationship between Two Quantities,7.14.2,m01990,9662c51c-f7c2-4396-9a15-e953f1307e97
7.14.3: Analyzing Functions Using Different Representations,7.14.3,m01993,1a1c315e-480c-4ce2-be46-eee69427297d
7.14.4: Using Quadratic Functions to Solve Problems,7.14.4,m01996,a961189e-370d-4f44-9dcf-a1085bbc5e84
7.14.5: Identifying Key Features of Graphed Functions,7.14.5,m01997,6ad2cf00-0ba3-4b8c-8110-e64da23933ca
7.14.6: Practice,7.14.6,m01998,f8fea744-60c8-4aa7-8588-83b2762eb23f
7.14.7: Lesson Summary,7.14.7,m01999,948174c2-5d46-4b17-a264-9924dac7f5cb
7.15.0: Lesson Overview,7.15.0,m02007,225a4f54-0cd2-43b5-b086-4e374afa99d8
7.15.1: Analyzing Two Sets of Equations,7.15.1,m02008,940a8468-4315-4ca2-9ef9-ab1c6eb56791
7.15.2: The Vertex Form,7.15.2,m02009,b7f7d3c0-39c6-400a-ab8d-8338efcf3183
7.15.3: The Coordinates of the Vertex,7.15.3,m02012,b2c184d4-4005-4d1a-9885-effed5d0754e
7.15.4: The Graph of a Function in Vertex Form,7.15.4,m02015,68aab0c2-db09-4181-b909-dd9b00be5aa2
7.15.5: Practice,7.15.5,m02016,a9c82f0e-6ad5-44bc-90e2-3c0a5bf6e8ce
7.15.6: Lesson Summary,7.15.6,m02017,a46a7c67-97aa-4b50-af23-e47e8d0c9399
7.16.0: Lesson Overview,7.16.0,m02025,214054f9-bcf9-42de-9f1f-3c1ee052856c
7.16.1: Three Forms of Quadratic Expressions,7.16.1,m02026,1c677028-d6db-4570-a042-4717aaf6b0af
7.16.2: Graph Functions in Vertex Form,7.16.2,m02027,d7e959a1-125d-4055-804f-07de172e52c4
7.16.3: Quadratic Equations and Graphs,7.16.3,m02030,a1ac3380-f6ca-422f-bf1f-e44847722882
7.16.4: Sketching A Graph of an Equation,7.16.4,m02033,96c69817-a880-428b-9d82-1659fac64150
7.16.5: Practice,7.16.5,m02034,4fbbcbfc-c875-4601-8a9c-7d6f8f6d3a8d
7.16.6: Lesson Summary,7.16.6,m02035,9c415d75-bdcd-4299-b2ac-79a9d7842b10
7.17.0: Lesson Overview,7.17.0,m02044,eceb67de-cd1c-4eba-b2f3-e0cd3812958b
7.17.1: Quadratic Expressions in Different Forms,7.17.1,m02045,c2a605eb-80ad-49fe-a8ba-2f0b47ee672f
7.17.2: Modify Expressions to Translate Graphs,7.17.2,m02046,2e2eecd0-2648-4920-8b2f-c6d73f2af7fa
7.17.3: Changing the Parameters of a Quadratic Expression,7.17.3,m02049,aa22316e-2746-4dd7-ad20-1bf9e6084eeb
7.17.4: Transforming the Parent Function,7.17.4,m02052,92d7b90b-c32a-41ca-95fb-d5b90ee8693b
7.17.5: Equations of Graph Translations,7.17.5,m02053,7c09d1c0-e1ca-4ed3-82cd-1866371d49c7
7.17.6: Practice,7.17.6,m02054,b2b0db0c-0c07-4980-aabb-0b6b12518b28
7.17.7: Lesson Summary,7.17.7,m02055,552ff0c9-bcfa-46d2-b137-9c4b6ee3b313
8.1.0: Lesson Overview,8.1.0,m02085,3503348f-9b68-4212-89e1-4eebf2ec106b
8.1.1: Understanding a Situation with Quadratic Equations,8.1.1,m02086,cadf6774-1650-427d-b6be-927e7ca2d615
8.1.2: Modeling a Quadratic Problem,8.1.2,m02087,bf8a91ce-5073-4b59-890e-7c9f0c8a31fe
8.1.3: Formulating a Quadratic Equation to Represent the Model,8.1.3,m02090,d69a386a-629f-44bf-bb78-a1eae7e76c36
8.1.4: Interpreting a Solution,8.1.4,m02093,b7f1423b-d8e7-44df-92f5-0e24ddb90ac0
8.1.5: Practice,8.1.5,m02094,81a3e7e0-0766-46de-b43b-611f1c0c5872
8.1.6: Lesson Summary,8.1.6,m02095,0c5c0fce-6221-48f2-8bb4-071252a2cbd7
8.2.0: Lesson Overview,8.2.0,m02103,3fcd2c73-4cad-437f-82be-a009c76fd62c
8.2.1: Interpreting Equations in Context,8.2.1,m02104,a9076baf-0e65-41dd-824d-dc460da14a36
8.2.2: Exploring Non-Graphing Strategies to Solve Quadratic Equations,8.2.2,m02105,bcb23cf6-6799-44c2-bb8c-fd3b018d73d2
8.2.3: Solving a Quadratic Equation Set Equal to Zero,8.2.3,m02108,b07e7848-089b-499a-9b57-759d5cf1233e
8.2.4: Solving a Real-World Problem Using Quadratic Equations,8.2.4,m02111,86e36e35-bc35-42ee-b546-462bd5e17e28
8.2.5: Practice,8.2.5,m02112,fb8031ac-e8cf-4631-83f6-d99794187a1a
8.2.6: Lesson Summary,8.2.6,m02113,6dc965cf-ff53-436f-a811-0d225e93a61b
8.3.0: Lesson Overview,8.3.0,m02122,099060ef-7e2c-4d85-baf8-e6b2e7dbc580
8.3.1: Determining the Number of Solutions,8.3.1,m02123,a2f460f9-3e2f-45db-b804-983d9ec4cba6
8.3.2: Recognizing Pairs of Solutions,8.3.2,m02124,b6dc89fc-ab4f-4c81-bacb-62eb7d7601f3
8.3.3: Solving More Complex Quadratic Equations,8.3.3,m02127,67fc95c1-a595-434a-87ce-e292326299a1
8.3.4: Finding the Solutions,8.3.4,m02130,0e9d6510-eab9-450f-b307-2d7d6976180c
8.3.5: Practice,8.3.5,m02131,e12d3f31-0e54-4cca-95e6-e2f50a9a6e5c
8.3.6: Lesson Summary,8.3.6,m02132,c13b3229-ce3b-406c-aeb4-804adc3bde85
8.4.0: Lesson Overview,8.4.0,m02140,17c025cd-565b-44f8-801a-5df752d91182
8.4.1: Introducing the Zero Product Property,8.4.1,m02141,e9d7613a-4686-419d-8d71-55a3dab73aaf
8.4.2: Solving Equations of Increasing Complexity Using Reasoning,8.4.2,m02142,e0c65a88-519b-4fd7-af8e-26f741e5fa90
8.4.3: Applying the Zero Product Property to Solve a Real-World Projectile Problem,8.4.3,m02145,7303f540-0948-4e15-93c6-d9ec4d017746
8.4.4: Solving Equations Using the Zero Product Property and Reasoning,8.4.4,m02148,2992e87a-af6e-4448-aa05-b6f5b41db7ff
8.4.5: Practice,8.4.5,m02149,bd872df5-81b5-4136-a33b-7bb00d9111a3
8.4.6: Lesson Summary,8.4.6,m02150,f373f25e-8244-4e0c-9845-1c7a6b10b55d
8.5.0: Lesson Overview,8.5.0,m02158,68c2bf90-f3fb-4a8d-8607-772bc5709c62
8.5.1: Reviewing Zero Product Property,8.5.1,m02159,3a4c76f3-4f43-4951-99dd-4088743e6954
8.5.2: Interpreting Graphs to Solve Quadratic Equations,8.5.2,m02160,166ff21d-5944-4663-b361-e7f96e013b2e
8.5.3: Choosing an Effective Strategy to Solve Quadratic Equations,8.5.3,m02163,880b5a41-241b-47bf-9a3b-637e012d0639
8.5.4: Analyzing Errors When Solving Quadratic Equations,8.5.4,m02166,ccb847d1-2db4-41fc-b52f-c3736c5df9ba
8.5.5: Practice,8.5.5,m02167,f18da23d-f3ee-42a5-9adc-89b7aa071187
8.5.6: Lesson Summary,8.5.6,m02168,79f80053-bb35-47cf-86d8-71ad5f06ec14
8.6.0: Lesson Overview,8.6.0,m02176,c7ed6320-04e2-4c05-8c40-42441b3e98c6
8.6.1: Finding and Reasoning Unknown Factors,8.6.1,m02177,8bb54f54-8720-40ec-9925-b4fdad1d7a7d
8.6.2: Using Diagrams to Understand Equivalent Expressions,8.6.2,m02178,7424a99c-0b01-423f-b6a1-b8a971f18997
8.6.3: Rewriting Quadratic Expressions in Standard Form,8.6.3,m02181,d4fe1ad8-27f3-44ef-8494-99869579604c
8.6.4: Finding the Missing Numbers in Pairs of Equivalent Expressions,8.6.4,m02184,bde116a1-05ea-4f0d-b831-6e7f8b51f078
8.6.5: Practice,8.6.5,m02185,14ac0bcd-5a52-49cd-a2fc-62b333117ab7
8.6.6: Lesson Summary,8.6.6,m02186,e9bc9522-ae0d-461a-b819-57240c714f4d
8.7.0: Lesson Overview,8.7.0,m02194,35f5f5fd-ccad-46ff-be2f-d0d71cfcc26a
8.7.1: Understanding Sums and Products of Integers,8.7.1,m02195,6c9d164a-b7af-4799-bdc7-6acb6bdd5305
8.7.2: Interpreting Negative Constant Terms When Factoring Quadratic Expressions,8.7.2,m02196,139f5cfd-405c-4cf0-8417-5a444291d318
8.7.3: Analyzing Factors of 100 and ‚Äì100,8.7.3,m02199,328e1a52-db7a-49d6-b5dd-e7569a17442a
8.7.4: Finding the Missing Terms,8.7.4,m02202,a380ea63-9c19-44fa-84e2-4d9d31403f1f
8.7.5: Practice,8.7.5,m02203,bcb25926-f6fb-4732-9b57-62e61c88e311
8.7.6: Lesson Summary,8.7.6,m02204,0cd325fb-a9b3-4063-99cf-ef49ea2a3f3d
8.8.0: Lesson Overview,8.8.0,m02212,9def9b29-8307-456b-95b6-97ad149ef022
8.8.1: Evaluating Expressions Using Mental Math,8.8.1,m02213,47ba50fe-27ff-4bcd-b713-add42b80969c
8.8.2: Recognizing the Expanded Product of the Difference of Two Squares,8.8.2,m02214,e81e8d2a-8bd7-454d-9c2c-60a1c3a93942
8.8.3: Factoring Quadratic Equations without a Linear Term,8.8.3,m02217,51b0259e-b9d6-4c99-91b1-0185916145b5
8.8.4: Determining if an Expression Can Be Rewritten in Factored Form,8.8.4,m02220,d70da1a8-cd5c-4ffc-a1fd-c3dd97415d73
8.8.5: Practice,8.8.5,m02221,7c0720ed-bc8e-4f3b-b1e2-54fd9ecf8540
8.8.6: Lesson Summary,8.8.6,m02222,96e894da-6eb1-4893-87d6-4f6771a10c31
8.9.0: Lesson Overview,8.9.0,m02230,ec0dd734-a065-4fde-8adc-44c5cbd1cc1c
8.9.1: Finding a Solution through Substitution,8.9.1,m02231,d2b11d8e-4bc6-42eb-8989-0eeca45745b4
8.9.2: Using Factored Form and the Zero Product Property to Solve Quadratic Equations,8.9.2,m02232,6499273b-045e-4a51-9ad8-8aaf5827cdd9
8.9.3: Writing an Equation to Represent a Quadratic Function with Only One Solution,8.9.3,m02235,af8f103b-35dd-422d-94d6-e2e42484d42e
8.9.4: Solving More Quadratic Equations,8.9.4,m02238,2a2b6694-c7db-4e8a-bc31-2dcc695a26ee
8.9.5: Practice,8.9.5,m02239,4f466432-776e-43b1-a130-5a62c5eda591
8.9.6: Lesson Summary,8.9.6,m02240,698a8255-6a67-48ac-be51-090df5c5dbc6
8.10.0: Lesson Overview,8.10.0,m02249,cba85ced-2120-4c60-bb00-d3c7942e68dc
8.10.1: Analyzing Various Quadratic Expressions,8.10.1,m02250,2fc9a1d5-b31e-4425-a493-d94aef8ab615
8.10.2: Working with Quadratic Factored Form with Leading Coefficient Other Than One,8.10.2,m02251,c6bb8857-f053-431d-ae57-759456f9659a
8.10.3: Using Technology to Find Rational Factors,8.10.3,m02254,e70c82ec-7f61-4cf4-956e-211cc9451f76
8.10.4: Finding the Factors of Quadratic Expressions in Standard Form,8.10.4,m02257,697cb582-e751-4974-88c9-2c0581825d64
8.10.5: Solving Quadratic Equations by Any Method,8.10.5,m02260,6b01204b-0061-4b2b-b828-df78cb233fb5
8.10.6: Practice,8.10.6,m02261,0b1a5851-9874-46bb-ad75-7ef0ecfc1ac3
8.10.7: Lesson Summary,8.10.7,m02262,e08a346d-4300-4f9a-9aea-865261362107
8.11.0: Lesson Overview,8.11.0,m02271,c9114e1d-551d-4810-991e-982876c52283
8.11.1: Relating a Quadratic Function and Its Zeros,8.11.1,m02272,bd6b7da9-34fa-4e45-87b3-555b9d2b5417
8.11.2: Finding a Quadratic Function from Its Zeros,8.11.2,m02273,bdd0a480-c3b4-4915-8496-4084f72a2f12
8.11.3: Finding a Quadratic Function from Its Zeros and a Point,8.11.3,m02276,96f67fd3-3d70-4805-9fdd-7359061284e2
8.11.5: Practice,8.11.5,m02280,eecf22e1-984c-43db-8ec3-5505af6355bd
8.11.6: Lesson Summary,8.11.6,m02281,d9404157-746e-4553-801b-346b72c8a7a3
8.12.0: Lesson Overview,8.12.0,m02289,05f6a4db-ca64-408a-9fa7-705ab36289de
8.12.1: Graphing a Quadratic Data Set Using Technology,8.12.1,m02290,6ff11e0d-79e5-42c8-bad6-c097c429f95c
8.12.2: Finding the Curve of Best Fit,8.12.2,m02291,4ca61545-a2f1-4b87-aeb9-c5601f1a0d3e
8.12.3: Making Predictions Using a Quadratic Model,8.12.3,m02294,440bdb15-dc56-4fac-be89-3997f317f1d2
8.12.4: Finding the Missing Data in the Set,8.12.4,m02297,db418611-be59-4ab0-9b85-6dd3b7bf3ed8
8.12.5: Practice,8.12.5,m02298,362bcbcd-8db6-4bb0-94f1-18bac9d604e3
9.1.0: Lesson Overview,9.1.0,m02331,601dd281-dc72-42a9-b178-56e2b133769f
9.1.1: Equations with Quadratic Expressions on Both Sides of the Equal Sign,9.1.1,m02332,65dba652-85a6-49e5-86e1-dc1b2778e9e2
9.1.2: Recognizing Structure in Perfect-Square Expressions,9.1.2,m02333,acc10f7e-6d2f-4dd2-a1d4-a709485e0549
9.1.3: Solving Multi Step Quadratic Equations Using Perfect Squares,9.1.3,m02336,67500622-7187-4f9f-8cd6-95b219491984
9.1.4: Explain Why an Expression Is a Perfect Square,9.1.4,m02339,26cd04d5-61b7-4b7f-a8f4-23347ff66bfb
9.1.5: Practice,9.1.5,m02340,a0f997ad-4919-42b8-af6e-d8945e194982
9.1.6: Lesson Summary,9.1.6,m02341,8f5547b4-a0dc-482e-a531-390d49d13155
9.2.0: Lesson Overview,9.2.0,m02349,b87b2eaf-483f-4006-a1c7-415dba0642a2
9.2.1: Different Forms of Perfect Squares,9.2.1,m02350,5441c5b4-fcc1-4b76-9fab-cedb72a78efa
9.2.2: Standard and Factored Forms of Perfect Squares,9.2.2,m02351,651297ce-349c-4071-a4dc-6540d46e25de
9.2.3: Completing the Square,9.2.3,m02354,822d49f5-0fd1-43ba-a63d-13318e113f23
9.2.4: Making a Perfect Square,9.2.4,m02357,c2834b44-2284-4795-b01a-7dce24c66b81
9.2.5: Practice,9.2.5,m02358,d40e693e-713c-468e-be9a-e21818245efe
9.2.6: Lesson Summary,9.2.6,m02359,353e4b33-3d81-44d3-93e4-aeb875bfb25a
9.3.0: Lesson Overview,9.3.0,m02367,68c546f2-967d-423e-af92-91fccffbd51a
9.3.1: Solving Equations with Fractions,9.3.1,m02368,afaad511-61df-4d36-950f-fce59043a715
9.3.2: Using Completing the Square to Solve Equations,9.3.2,m02369,01fef4b0-22b6-4774-a366-8df757de2703
9.3.3: Solve by Completing the Square,9.3.3,m02372,a7239fcd-6d35-46de-a871-92901b01f1f0
9.3.4: Completing the Square with Fractions,9.3.4,m02375,83464ad2-5016-4901-887f-19b6d8aea24d
9.3.5: Practice,9.3.5,m02376,c42f5daf-8504-42b6-970c-01930936d003
9.3.6: Lesson Summary,9.3.6,m02377,a263dbb2-c2a3-4d3e-aa02-78af2e4b0f7d
9.4.0: Lesson Overview,9.4.0,m02386,de6326f5-0470-4ca5-b423-21d6dde1a047
9.4.1: Perfect Squares with Coefficients Other than 1,9.4.1,m02387,a53f8feb-cd8f-4b62-a080-cf735e971752
9.4.2: Rewrite Squared Expressions,9.4.2,m02388,dfce6d45-0123-4c84-83e2-f60cf738d1e2
9.4.3: Standard Form and Squared Factors,9.4.3,m02391,113c9793-41cc-43bc-bbcc-3d2112bf3ca3
9.4.4: Three Different Methods for Solving an Equation,9.4.4,m02394,b13fc9cb-15e5-4c59-805a-3c5f0307c121
9.4.5: Perfect Square and Squared Factors,9.4.5,m02395,31f90e7b-32d1-4626-a1db-aaf001591f7f
9.4.6: Practice,9.4.6,m02396,77d935b4-0a30-4780-8b40-e08dd1c07f34
9.4.7: Lesson Summary,9.4.7,m02397,7387c78a-f5bf-4abd-951b-45be888bbcb5
9.5.0: Lesson Overview,9.5.0,m02405,e946d5d2-a014-423f-84a3-facd095cf645
9.5.1: Roots of Squares,9.5.1,m02406,fd97581e-8e72-4a81-aaa9-a0e5ab32d06d
9.5.2: Solutions Written as Square Roots,9.5.2,m02407,74f239fb-933a-4549-8255-7b47b1b282b2
9.5.3: Finding Irrational Solutions by Completing the Square,9.5.3,m02410,4819898a-c943-4521-8239-1e4960af0a60
9.5.4: Finding Exact Solutions,9.5.4,m02413,512fa5d4-2e82-4a24-a39d-81eaeda6f6e8
9.5.5: Practice,9.5.5,m02414,204ba181-49b5-41e8-a810-1fa5f3c6106a
9.5.6: Lesson Summary,9.5.6,m02415,57740a07-eca3-48a7-9aea-f012328d7475
9.6.0: Lesson Overview,9.6.0,m02424,70ff4883-cd1d-4144-8aee-cb91bb2f5aa9
9.6.1: Evaluating Expressions,9.6.1,m02425,501242d9-8072-406c-ab1c-6c3ccc602302
9.6.2: Choosing the Best Method to Solve an Equation,9.6.2,m02426,310002fb-a2ae-4f1c-ae5e-2c23dd0c91fd
9.6.3: The Quadratic Formula,9.6.3,m02429,6e13dccf-d991-4584-a595-b56ca736265b
9.6.4: Solving Equations Using the Quadratic Formula,9.6.4,m02432,492926a3-a57c-483e-b072-639352d3e6a9
9.6.5: Practice,9.6.5,m02433,9f536fc6-d2bb-4739-a9dc-cd0c684e3a7a
9.6.6: Lesson Summary,9.6.6,m02434,e86abe26-1c45-4174-b292-c75dc4056495
9.7.0: Lesson Overview,9.7.0,m02442,b7f2ce7f-5101-4c1b-8e30-3a361dbc9e5b
9.7.1: Evaluating Variable Expressions,9.7.1,m02443,41c4b1bc-59bb-4b49-9c13-827b2a3ac0bf
9.7.2: Common Calculation Errors When Using the Quadratic Formula,9.7.2,m02444,5b94086d-1bc7-40ab-9412-ccd52a4be8f3
9.7.3: Different Methods of Checking Solutions of Quadratic Equations,9.7.3,m02447,3318d1c5-c5c8-47c8-8f62-d3fe41f934a8
9.7.4: Practice Spotting Calculation Errors,9.7.4,m02450,7e1dbda9-4d60-4233-9dce-babfc79c3409
9.7.5: Practice,9.7.5,m02451,e190b8eb-026a-47bc-8460-7fd9ecaf2d9c
9.7.6: Lesson Summary,9.7.6,m02452,23810ba9-c1ab-4b92-8a0f-aa19f764b7a8
9.8.0: Lesson Overview,9.8.0,m02459,80b6428e-55ed-4701-a87e-36eb61f41414
"9.8.1: Deriving the Quadratic Formula, Part 1",9.8.1,m02460,4908747a-8746-42ce-a10a-42d90d8a12f2
"9.8.2: Deriving the Quadratic Formula, Part 2",9.8.2,m02463,b7eef1fb-b69c-4ea1-99b9-aa5af2a3a54e
9.8.3: Understanding That the Quadratic Formula Is the Combined Steps of Completing the Square,9.8.3,m02466,15324b4e-953c-4b45-989c-71ab982a99ea
9.8.4: Practice,9.8.4,m02467,d0b43e55-019e-44f2-81fd-bea032e41157
9.8.5: Lesson Summary,9.8.5,m02468,6da3c03e-d5b9-4177-9a52-0a6c07117068
9.9.0: Lesson Overview,9.9.0,m02477,dac57556-63a8-4ab1-bab2-58fc289e0ea7
9.9.1: Finding the Vertex in Vertex Form,9.9.1,m02478,ecbad763-a271-4559-9d72-a403d64ae6f3
9.9.2: Different Forms of Quadratics,9.9.2,m02479,c4f6bce8-e2c4-40d4-a193-aef1f3c3f671
9.9.3: Vertex Form Given a Vertex and Point,9.9.3,m02482,2ba85e56-02e9-452a-87ce-2a15c32f7fce
9.9.4: Rewriting Quadratics,9.9.4,m02485,1128d943-aee1-495b-a21f-2c6b6c41a9e3
9.9.5: Practice,9.9.5,m02486,ff943303-0f72-4033-9932-710247c39ba6
9.9.6: Lesson Summary,9.9.6,m02487,4c4678f6-bb3b-492f-a49e-55370a71e393
9.10.0: Lesson Overview,9.10.0,m02497,2abd5377-8730-4583-a131-6dabeb32d2e9
9.10.1: The Vertex and Intercepts of a Function,9.10.1,m02498,83cad1cb-379b-4ecf-9269-e4ab1bbb1913
9.10.2: Expanding from Factored Form to Standard Form,9.10.2,m02499,e613e98c-3c47-4de8-8d8b-231d057b2969
9.10.3: Converting from Standard Form to Vertex Form,9.10.3,m02500,a1066f8d-f284-4e92-a5b5-e37f426aa851
9.10.4: Rewriting Expressions in Vertex Form,9.10.4,m02503,d256145f-a67b-40ca-97c5-71d91548fb23
9.10.5: Different Forms of Quadratic Expressions,9.10.5,m02506,506ef638-b1af-4c04-b07a-df0775a94673
9.10.6: Vertex Form and Coordinates of the Vertex,9.10.6,m02507,2567ae95-3eab-4e9e-8841-ab66a3884838
9.10.7: Practice,9.10.7,m02508,e604e538-5c73-4d6b-b90a-c2361fb84f54
9.10.8: Lesson Summary,9.10.8,m02509,12f05093-078a-4c71-962a-eb7694d38f51
9.11.0: Lesson Overview,9.11.0,m02517,1f93c323-d5c4-4181-a934-e79fccb19d8d
9.11.1: Maximum and Minimum Value of a Function,9.11.1,m02518,ff9412ca-5c12-4cdd-b742-38106fc6d023
9.11.2: Does the Vertex Represent the Minimum or Maximum Value?,9.11.2,m02519,3198fa62-422d-4300-a91a-a886b251f366
9.11.3: Comparing Maximums between Quadratics,9.11.3,m02522,5fd9f6ad-1109-4ac0-b4e2-8c2d0c9948a6
"9.11.4: Maximum, Minimum, and Analyzing the Vertex",9.11.4,m02525,57d47664-c20d-48c9-b8a5-ecfdad5c387a
9.11.5: Practice,9.11.5,m02526,41b141ad-3237-4011-9e3d-059a6dd4389a
9.11.6: Lesson Summary,9.11.6,m02527,f3aaa90a-49e0-47c3-bf16-74382272c3c8